date       time     [thread name/id ]                   file:line    v |
2026-03-02 22:25:40 [MainThread     ]                log.cpp:279   INFO| Opened log file Hades.log
2026-03-02 22:25:40 [MainThread     ]            program.cpp:1461   DBG| Previous stack guard size was 0 bytes
2026-03-02 22:25:40 [MainThread     ]    platformservice.cpp:387    DBG| Processor Count : 16
2026-03-02 22:25:40 [MainThread     ]            program.cpp:1701   DBG| TotalRam: 15901691904
2026-03-02 22:25:40 [MainThread     ]            program.cpp:1702   DBG| Running Hades in 64-bit
2026-03-02 22:25:40 [MainThread     ]            program.cpp:1756   ERR| mismatched file EncounterData.lua
2026-03-02 22:25:40 [MainThread     ]       pcsavedevice.cpp:249   INFO| Opening save file for reading: activeProfile
2026-03-02 22:25:40 [MainThread     ]     binaryloaddata.cpp:12    INFO| Reading 16 bytes
2026-03-02 22:25:40 [MainThread     ]     profilemanager.cpp:40    INFO| Loading default profile C:\users\steamuser\Documents\Saved Games\Hades Profile1
2026-03-02 22:25:40 [MainThread     ]     profilemanager.cpp:187   INFO| ProfileManager::Load(): Profile1.sjson 
2026-03-02 22:25:40 [MainThread     ]       pcsavedevice.cpp:249   INFO| Opening save file for reading: Profile1.sjson
2026-03-02 22:25:40 [MainThread     ]      configoptions.cpp:1567  INFO| ConfigOption: WindowHeight = 1080
2026-03-02 22:25:40 [MainThread     ]      configoptions.cpp:1560  INFO| ConfigOption: UseMouse = true
2026-03-02 22:25:40 [MainThread     ]      configoptions.cpp:1567  INFO| ConfigOption: NewUpdateSoundRevisionViewed = 38290
2026-03-02 22:25:40 [MainThread     ]      configoptions.cpp:1567  INFO| ConfigOption: BackupSaveCount = 6
2026-03-02 22:25:40 [MainThread     ]      configoptions.cpp:1567  INFO| ConfigOption: LastRoadmapRevisionViewed = 38290
2026-03-02 22:25:40 [MainThread     ]      configoptions.cpp:1567  INFO| ConfigOption: SwapInterval = 0
2026-03-02 22:25:40 [MainThread     ]      configoptions.cpp:1567  INFO| ConfigOption: DisplayIndex = 0
2026-03-02 22:25:40 [MainThread     ]      configoptions.cpp:1560  INFO| ConfigOption: ShowGameplayTimer = true
2026-03-02 22:25:40 [MainThread     ]      configoptions.cpp:1560  INFO| ConfigOption: ValidCheckpoint = false
2026-03-02 22:25:40 [MainThread     ]      configoptions.cpp:1567  INFO| ConfigOption: LastPatchNoteRevisionViewed = 38290
2026-03-02 22:25:40 [MainThread     ]      configoptions.cpp:1567  INFO| ConfigOption: ScreenshotCount = 1
2026-03-02 22:25:40 [MainThread     ]      configoptions.cpp:1567  INFO| ConfigOption: ControlsResetRevisionViewed = 38290
2026-03-02 22:25:40 [MainThread     ]      configoptions.cpp:1567  INFO| ConfigOption: Y = 1080
2026-03-02 22:25:40 [MainThread     ]      configoptions.cpp:1567  INFO| ConfigOption: X = 1920
2026-03-02 22:25:40 [MainThread     ]      configoptions.cpp:1560  INFO| ConfigOption: DefaultControlsChosen = true
2026-03-02 22:25:40 [MainThread     ]      configoptions.cpp:1567  INFO| ConfigOption: WindowWidth = 1920
2026-03-02 22:25:40 [MainThread     ]      configoptions.cpp:1560  INFO| ConfigOption: UseAltCursor = true
2026-03-02 22:25:40 [MainThread     ]     profilemanager.cpp:216   INFO| Load profile successful
2026-03-02 22:25:40 [MainThread     ]  windowsfilesystem.cpp:209    ERR| Error opening file: C:\users\steamuser\Documents\Saved Games\Hades\ARCHLINUX.sjson -- rb (error: No such file or directory)
2026-03-02 22:25:40 [MainThread     ]  windowsfilesystem.cpp:209    ERR| Error opening file: Z:\home\aechewhy\Games\Hades\Content\ConfigOptions\ARCHLINUX.sjson -- rb (error: No such file or directory)
2026-03-02 22:25:40 [MainThread     ]      configoptions.cpp:1588  INFO| ConfigOption: NextUpdateDate = NextUpdateCountdownCustom
2026-03-02 22:25:40 [MainThread     ]      configoptions.cpp:1588  INFO| ConfigOption: LastUpdateDate = 07-03-2020
2026-03-02 22:25:40 [MainThread     ]      configoptions.cpp:1588  INFO| ConfigOption: UpdateWarningDate = 11-01-2020
2026-03-02 22:25:40 [MainThread     ]      configoptions.cpp:1588  INFO| ConfigOption: SaveCollectionBeginDate = 10-05-2020
2026-03-02 22:25:40 [MainThread     ]      configoptions.cpp:1588  INFO| ConfigOption: SaveCollectionEndDate = 10-09-2020
2026-03-02 22:25:40 [MainThread     ]     binarysavedata.cpp:17    INFO| Writing 16 bytes
2026-03-02 22:25:40 [MainThread     ]            program.cpp:1837   DBG| Initial startup in 0.0 msec
2026-03-02 22:25:40 [MainThread     ]            program.cpp:1838   DBG| Profile load in 0.0 msec
2026-03-02 22:25:40 [MainThread     ]        windowsbase.cpp:358   INFO| ----Begin printing all displays available on the system----
2026-03-02 22:25:40 [MainThread     ]        windowsbase.cpp:362   INFO| Number of detected displays: 1
2026-03-02 22:25:40 [MainThread     ]        windowsbase.cpp:507   INFO| Display[0]: Generic Non-PnP Monitor
2026-03-02 22:25:40 [MainThread     ]        windowsbase.cpp:515   INFO| (320 x 200) (320 x 240) (640 x 350) (640 x 400) (720 x 400) (640 x 480) (720 x 480) 
2026-03-02 22:25:40 [MainThread     ]        windowsbase.cpp:515   INFO| (768 x 480) (864 x 486) (800 x 500) (960 x 540) (1024 x 576) (928 x 580) (800 x 600) 
2026-03-02 22:25:40 [MainThread     ]        windowsbase.cpp:515   INFO| (960 x 600) (1152 x 720) (1280 x 720) (1024 x 768) (1368 x 768) (1280 x 800) (1920 x 800) 
2026-03-02 22:25:40 [MainThread     ]        windowsbase.cpp:515   INFO| (1152 x 864) (1440 x 900) (1600 x 900) (1280 x 960) (1440 x 960) (1280 x 1024) (1400 x 1050) 
2026-03-02 22:25:40 [MainThread     ]        windowsbase.cpp:519   INFO| (1680 x 1050) (1440 x 1080) (1920 x 1080) 
2026-03-02 22:25:40 [MainThread     ]        windowsbase.cpp:523   INFO| ----Finish printing all displays available on the system----
2026-03-02 22:25:40 [MainThread     ]        windowsbase.cpp:682   INFO| Created window app Hades
2026-03-02 22:25:40 [MainThread     ]          sdlwindow.cpp:54     DBG| SDL Initialized with UseNativeGaInputNoControllers
2026-03-02 22:25:40 [MainThread     ]         resolution.cpp:163    DBG| Monitor modes:
2026-03-02 22:25:40 [MainThread     ]            program.cpp:2095  INFO| DisplayModes Configured
2026-03-02 22:25:40 [MainThread     ]     discord_client.cpp:70    INFO| [Discord SDK] Discord init error: 4
2026-03-02 22:25:40 [MainThread     ]            program.cpp:2106  INFO| PlatformService Initialized
2026-03-02 22:25:40 [MainThread     ]     inputsystemsdl.cpp:740    DBG| InputSystemSDL Initialized with UseNativeGaInputNoControllers
2026-03-02 22:25:40 [MainThread     ]  windowsfilesystem.cpp:209    ERR| Error opening file: Z:\home\aechewhy\Games\Hades\Content\gamecontrollerdb.txt -- rb (error: No such file or directory)
2026-03-02 22:25:40 [MainThread     ]            program.cpp:2113  INFO| InputSystem Initialized
2026-03-02 22:25:40 [MainThread     ]         direct3d11.cpp:833   INFO| Created DXGI1.2 factory.
2026-03-02 22:25:41 [MainThread     ]         filesystem.cpp:307    ERR| Trying to get an unset resource directory '8', make sure the resourceDirectory is set on start of the application
2026-03-02 22:25:41 [MainThread     ]         direct3d11.cpp:1012  INFO| gpuCount = 1
2026-03-02 22:25:41 [MainThread     ]         direct3d11.cpp:1088  INFO| GPU[0] detected. Vendor ID: 10de, Model ID: 28e0, Revision ID: 0, Preset: high, GPU Name: NVIDIA GeForce RTX 4060 Laptop GPU
2026-03-02 22:25:41 [MainThread     ]      gpudetecthelper.h:187   INFO| ----Begin printing all graphics adapters available on the system----
2026-03-02 22:25:41 [MainThread     ]      gpudetecthelper.h:124   INFO| Number of GPUs detected: 1
2026-03-02 22:25:41 [MainThread     ]      gpudetecthelper.h:150   INFO| Adapter Name: NVIDIA GeForce RTX 4060 Laptop GPU
2026-03-02 22:25:41 [MainThread     ]      gpudetecthelper.h:160   INFO| Driver Version: 35.0.99.9999
2026-03-02 22:25:41 [MainThread     ]      gpudetecthelper.h:170   INFO| Driver Date: 3-2-2026
2026-03-02 22:25:41 [MainThread     ]      gpudetecthelper.h:189   INFO| ----Finish printing all graphics adapters available on the system----
2026-03-02 22:25:41 [MainThread     ]         direct3d11.cpp:1122  INFO| GPU[0] is selected as default GPU
2026-03-02 22:25:41 [MainThread     ]         direct3d11.cpp:1123  INFO| Name of selected gpu: NVIDIA GeForce RTX 4060 Laptop GPU
2026-03-02 22:25:41 [MainThread     ]         direct3d11.cpp:1124  INFO| Vendor id of selected gpu: 0x10de
2026-03-02 22:25:41 [MainThread     ]         direct3d11.cpp:1125  INFO| Model id of selected gpu: 0x28e0
2026-03-02 22:25:41 [MainThread     ]         direct3d11.cpp:1126  INFO| Revision id of selected gpu: 0
2026-03-02 22:25:41 [MainThread     ]         direct3d11.cpp:1127  INFO| Preset of selected gpu: high
2026-03-02 22:25:41 [MainThread     ]         direct3d11.cpp:1128  INFO| Available VRAM of selected GPU 8585740288
2026-03-02 22:25:41 [MainThread     ]      gpudetecthelper.h:124   INFO| Number of GPUs detected: 1
2026-03-02 22:25:41 [MainThread     ]      gpudetecthelper.h:150   INFO| Adapter Name: NVIDIA GeForce RTX 4060 Laptop GPU
2026-03-02 22:25:41 [MainThread     ]      gpudetecthelper.h:160   INFO| Driver Version: 35.0.99.9999
2026-03-02 22:25:41 [MainThread     ]      gpudetecthelper.h:170   INFO| Driver Date: 3-2-2026
2026-03-02 22:25:41 [MainThread     ]            program.cpp:2122  INFO| Renderer Initialized
2026-03-02 22:25:41 [MainThread     ]         direct3d11.cpp:1626  INFO| Swapchain creation SUCCEEDED with SwapEffect 0
2026-03-02 22:25:41 [MainThread     ]            program.cpp:2125  INFO| Renderer Loaded
2026-03-02 22:25:41 [MainThread     ]                app.cpp:151   INFO| Starting app: Release 38290
2026-03-02 22:25:41 [MainThread     ]                app.cpp:169    DBG| Pool logging: 1
2026-03-02 22:25:41 [MainThread     ]         resolution.cpp:43     DBG| ____________________________________CalculateViewportForAspectRatio __________________
2026-03-02 22:25:41 [MainThread     ]         resolution.cpp:44     DBG| Target Aspect Ratio :1.777778
2026-03-02 22:25:41 [MainThread     ]         resolution.cpp:45     DBG| Screen width: 1920 height: 1080
2026-03-02 22:25:41 [MainThread     ]         resolution.cpp:46     DBG| keepAspectRatio: 1
2026-03-02 22:25:41 [MainThread     ]         resolution.cpp:50     DBG| actualAspectRatio :1.777778
2026-03-02 22:25:41 [MainThread     ]         resolution.cpp:54     DBG| height for letterBoxing  :1080
2026-03-02 22:25:41 [MainThread     ]         resolution.cpp:57     DBG| LetterBoxing  :0
2026-03-02 22:25:41 [MainThread     ]         resolution.cpp:77     DBG| ____________________________________CalculateViewportForAspectRatio __________________
2026-03-02 22:25:41 [MainThread     ]         resolution.cpp:95     DBG| ____________________________________Resolution::Resize __________________
2026-03-02 22:25:41 [MainThread     ]         resolution.cpp:96     DBG| VIEWPORT: X: 0  Y: 0 W: 1920 H: 1080
2026-03-02 22:25:41 [MainThread     ]         resolution.cpp:97     DBG| SCALE: X: 1.000000 Y: 1.000000
2026-03-02 22:25:41 [MainThread     ]         resolution.cpp:98     DBG| FULL_VIEWPORT: X: 0  Y: 0 W: 1920 H: 1080
2026-03-02 22:25:41 [MainThread     ]         resolution.cpp:99     DBG| ____________________________________Resolution::Resize__________________
2026-03-02 22:25:41 [MainThread     ]                app.cpp:176    DBG| Initializing graphics device: 1920x1080
2026-03-02 22:25:41 [MainThread     ]                app.cpp:183    DBG| Setting fullscreen: true
2026-03-02 22:25:41 [MainThread     ]                app.cpp:213    DBG| Create components
2026-03-02 22:25:41 [MainThread     ]                app.cpp:234    DBG| Full screen bloom
2026-03-02 22:25:41 [MainThread     ]                app.cpp:238    DBG| Frame rate counter
2026-03-02 22:25:41 [MainThread     ]                app.cpp:244    DBG| Done with constructor
2026-03-02 22:25:41 [MainThread     ]                app.cpp:247    DBG| Setting RandomSeed: 4700318
2026-03-02 22:25:41 [MainThread     ]                app.cpp:414    DBG| App Initialize
2026-03-02 22:25:41 [MainThread     ]                app.cpp:425    DBG| numWorkers = 6
2026-03-02 22:25:41 [MainThread     ]         direct3d11.cpp:2985  INFO| Descriptor (Sampler) : User specified Static Sampler
2026-03-02 22:25:41 [MainThread     ]         direct3d11.cpp:2985  INFO| Descriptor (Sampler) : User specified Static Sampler
2026-03-02 22:25:41 [MainThread     ]         direct3d11.cpp:2985  INFO| Descriptor (Sampler) : User specified Static Sampler
2026-03-02 22:25:41 [MainThread     ]         direct3d11.cpp:2985  INFO| Descriptor (Sampler) : User specified Static Sampler
2026-03-02 22:25:41 [MainThread     ]         direct3d11.cpp:2985  INFO| Descriptor (Sampler) : User specified Static Sampler
2026-03-02 22:25:41 [MainThread     ]         direct3d11.cpp:2985  INFO| Descriptor (Sampler) : User specified Static Sampler
2026-03-02 22:25:41 [MainThread     ]         direct3d11.cpp:2985  INFO| Descriptor (Sampler) : User specified Static Sampler
2026-03-02 22:25:41 [MainThread     ]         direct3d11.cpp:2985  INFO| Descriptor (Sampler) : User specified Static Sampler
2026-03-02 22:25:41 [MainThread     ]         direct3d11.cpp:2985  INFO| Descriptor (Sampler) : User specified Static Sampler
2026-03-02 22:25:41 [MainThread     ]         direct3d11.cpp:2985  INFO| Descriptor (Sampler) : User specified Static Sampler
2026-03-02 22:25:41 [MainThread     ]         direct3d11.cpp:2985  INFO| Descriptor (Sampler) : User specified Static Sampler
2026-03-02 22:25:41 [MainThread     ]         direct3d11.cpp:2985  INFO| Descriptor (Sampler) : User specified Static Sampler
2026-03-02 22:25:41 [MainThread     ]         direct3d11.cpp:2985  INFO| Descriptor (Sampler) : User specified Static Sampler
2026-03-02 22:25:41 [MainThread     ]         direct3d11.cpp:2985  INFO| Descriptor (Sampler) : User specified Static Sampler
2026-03-02 22:25:41 [MainThread     ]         direct3d11.cpp:2985  INFO| Descriptor (Sampler) : User specified Static Sampler
2026-03-02 22:25:41 [MainThread     ]         direct3d11.cpp:2985  INFO| Descriptor (Sampler) : User specified Static Sampler
2026-03-02 22:25:41 [MainThread     ]         direct3d11.cpp:2985  INFO| Descriptor (Sampler) : User specified Static Sampler
2026-03-02 22:25:41 [MainThread     ]         direct3d11.cpp:2985  INFO| Descriptor (Sampler) : User specified Static Sampler
2026-03-02 22:25:41 [MainThread     ]         direct3d11.cpp:2985  INFO| Descriptor (Sampler) : User specified Static Sampler
2026-03-02 22:25:41 [MainThread     ]         direct3d11.cpp:2985  INFO| Descriptor (Sampler) : User specified Static Sampler
2026-03-02 22:25:41 [MainThread     ]         direct3d11.cpp:2985  INFO| Descriptor (Sampler) : User specified Static Sampler
2026-03-02 22:25:41 [MainThread     ]         direct3d11.cpp:2985  INFO| Descriptor (Sampler) : User specified Static Sampler
2026-03-02 22:25:41 [MainThread     ]         direct3d11.cpp:2985  INFO| Descriptor (Sampler) : User specified Static Sampler
2026-03-02 22:25:41 [MainThread     ]         direct3d11.cpp:2985  INFO| Descriptor (Sampler) : User specified Static Sampler
2026-03-02 22:25:41 [MainThread     ]         direct3d11.cpp:2985  INFO| Descriptor (Sampler) : User specified Static Sampler
2026-03-02 22:25:41 [MainThread     ]         direct3d11.cpp:2985  INFO| Descriptor (Sampler) : User specified Static Sampler
2026-03-02 22:25:41 [MainThread     ]         direct3d11.cpp:2985  INFO| Descriptor (Sampler) : User specified Static Sampler
2026-03-02 22:25:41 [MainThread     ]         direct3d11.cpp:2985  INFO| Descriptor (Sampler) : User specified Static Sampler
2026-03-02 22:25:41 [MainThread     ]         direct3d11.cpp:2985  INFO| Descriptor (Sampler) : User specified Static Sampler
2026-03-02 22:25:41 [MainThread     ]         direct3d11.cpp:2985  INFO| Descriptor (Sampler) : User specified Static Sampler
2026-03-02 22:25:41 [MainThread     ]         direct3d11.cpp:2985  INFO| Descriptor (Sampler) : User specified Static Sampler
2026-03-02 22:25:41 [MainThread     ]         direct3d11.cpp:2985  INFO| Descriptor (Sampler) : User specified Static Sampler
2026-03-02 22:25:41 [MainThread     ]         direct3d11.cpp:2985  INFO| Descriptor (Sampler) : User specified Static Sampler
2026-03-02 22:25:41 [MainThread     ]         direct3d11.cpp:2985  INFO| Descriptor (Sampler) : User specified Static Sampler
2026-03-02 22:25:41 [MainThread     ]         direct3d11.cpp:2985  INFO| Descriptor (Sampler) : User specified Static Sampler
2026-03-02 22:25:41 [MainThread     ]         direct3d11.cpp:2985  INFO| Descriptor (Sampler) : User specified Static Sampler
2026-03-02 22:25:41 [MainThread     ]         direct3d11.cpp:2985  INFO| Descriptor (Sampler) : User specified Static Sampler
2026-03-02 22:25:41 [MainThread     ]         direct3d11.cpp:2985  INFO| Descriptor (Sampler) : User specified Static Sampler
2026-03-02 22:25:41 [MainThread     ]         direct3d11.cpp:2985  INFO| Descriptor (Sampler) : User specified Static Sampler
2026-03-02 22:25:41 [MainThread     ]         direct3d11.cpp:2985  INFO| Descriptor (Sampler) : User specified Static Sampler
2026-03-02 22:25:41 [MainThread     ]         direct3d11.cpp:2985  INFO| Descriptor (Sampler) : User specified Static Sampler
2026-03-02 22:25:41 [MainThread     ]         direct3d11.cpp:2985  INFO| Descriptor (Sampler) : User specified Static Sampler
2026-03-02 22:25:41 [MainThread     ]         direct3d11.cpp:2985  INFO| Descriptor (Sampler) : User specified Static Sampler
2026-03-02 22:25:41 [MainThread     ]         direct3d11.cpp:2985  INFO| Descriptor (Sampler) : User specified Static Sampler
2026-03-02 22:25:41 [MainThread     ]         direct3d11.cpp:2985  INFO| Descriptor (Sampler) : User specified Static Sampler
2026-03-02 22:25:41 [MainThread     ]         direct3d11.cpp:2985  INFO| Descriptor (Sampler) : User specified Static Sampler
2026-03-02 22:25:41 [MainThread     ]         direct3d11.cpp:2985  INFO| Descriptor (Sampler) : User specified Static Sampler
2026-03-02 22:25:41 [MainThread     ]         direct3d11.cpp:2985  INFO| Descriptor (Sampler) : User specified Static Sampler
2026-03-02 22:25:41 [MainThread     ]         direct3d11.cpp:2985  INFO| Descriptor (Sampler) : User specified Static Sampler
2026-03-02 22:25:41 [MainThread     ]         direct3d11.cpp:2985  INFO| Descriptor (Sampler) : User specified Static Sampler
2026-03-02 22:25:41 [MainThread     ]         direct3d11.cpp:2985  INFO| Descriptor (Sampler) : User specified Static Sampler
2026-03-02 22:25:41 [MainThread     ]         direct3d11.cpp:2985  INFO| Descriptor (Sampler) : User specified Static Sampler
2026-03-02 22:25:41 [MainThread     ]         direct3d11.cpp:2985  INFO| Descriptor (Sampler) : User specified Static Sampler
2026-03-02 22:25:41 [MainThread     ]         direct3d11.cpp:2985  INFO| Descriptor (Sampler) : User specified Static Sampler
2026-03-02 22:25:41 [MainThread     ]         direct3d11.cpp:2985  INFO| Descriptor (Sampler) : User specified Static Sampler
2026-03-02 22:25:41 [MainThread     ]         direct3d11.cpp:2985  INFO| Descriptor (Sampler) : User specified Static Sampler
2026-03-02 22:25:41 [MainThread     ]         direct3d11.cpp:2985  INFO| Descriptor (Sampler) : User specified Static Sampler
2026-03-02 22:25:41 [MainThread     ]   gameassetmanager.cpp:515   INFO| Loading package: Launch.pkg
2026-03-02 22:25:41 [MainThread     ]   gameassetmanager.cpp:436   INFO| Start reading manifest Launch
2026-03-02 22:25:41 [MainThread     ]   gameassetmanager.cpp:489   INFO| Done reading manifest Launch
2026-03-02 22:25:41 [MainThread     ]   gameassetmanager.cpp:545   INFO| Package Loaded: Launch
2026-03-02 22:25:41 [MainThread     ]      screenmanager.cpp:115    DBG| Load Launch Pkg took 0.009704 seconds
2026-03-02 22:25:41 [MainThread     ]   gameassetmanager.cpp:515   INFO| Loading package: Dev.pkg
2026-03-02 22:25:41 [MainThread     ]   gameassetmanager.cpp:436   INFO| Start reading manifest Dev
2026-03-02 22:25:41 [MainThread     ]   gameassetmanager.cpp:489   INFO| Done reading manifest Dev
2026-03-02 22:25:41 [MainThread     ]   gameassetmanager.cpp:545   INFO| Package Loaded: Dev
2026-03-02 22:25:41 [MainThread     ]      screenmanager.cpp:121    DBG| Dev Pkg took 0.065194 seconds
2026-03-02 22:25:41 [MainThread     ]      screenmanager.cpp:128    DBG| Localization::Init() took 0.074101 seconds
2026-03-02 22:25:41 [MainThread     ]             luaext.cpp:453   INFO| Lua interface destroyed
2026-03-02 22:25:42 [NoName         ]       pcsavedevice.cpp:249   INFO| Opening save file for reading: Profile1.ctrls
2026-03-02 22:25:42 [NoName         ]     binaryloaddata.cpp:12    INFO| Reading 530 bytes
2026-03-02 22:25:42 [MainThread     ]    gamedatamanager.cpp:355   INFO| Reading game data from Z:\home\aechewhy\Games\Hades\Content\Game
2026-03-02 22:25:42 [MainThread     ]                app.cpp:331    DBG| App.resize 1920x1080
2026-03-02 22:25:42 [MainThread     ]         resolution.cpp:43     DBG| ____________________________________CalculateViewportForAspectRatio __________________
2026-03-02 22:25:42 [MainThread     ]         resolution.cpp:44     DBG| Target Aspect Ratio :1.777778
2026-03-02 22:25:42 [MainThread     ]         resolution.cpp:45     DBG| Screen width: 1920 height: 1080
2026-03-02 22:25:42 [MainThread     ]         resolution.cpp:46     DBG| keepAspectRatio: 1
2026-03-02 22:25:42 [MainThread     ]         resolution.cpp:50     DBG| actualAspectRatio :1.777778
2026-03-02 22:25:42 [MainThread     ]         resolution.cpp:54     DBG| height for letterBoxing  :1080
2026-03-02 22:25:42 [MainThread     ]         resolution.cpp:57     DBG| LetterBoxing  :0
2026-03-02 22:25:42 [MainThread     ]         resolution.cpp:77     DBG| ____________________________________CalculateViewportForAspectRatio __________________
2026-03-02 22:25:42 [MainThread     ]         resolution.cpp:95     DBG| ____________________________________Resolution::Resize __________________
2026-03-02 22:25:42 [MainThread     ]         resolution.cpp:96     DBG| VIEWPORT: X: 0  Y: 0 W: 1920 H: 1080
2026-03-02 22:25:42 [MainThread     ]         resolution.cpp:97     DBG| SCALE: X: 1.000000 Y: 1.000000
2026-03-02 22:25:42 [MainThread     ]         resolution.cpp:98     DBG| FULL_VIEWPORT: X: 0  Y: 0 W: 1920 H: 1080
2026-03-02 22:25:42 [MainThread     ]         resolution.cpp:99     DBG| ____________________________________Resolution::Resize__________________
2026-03-02 22:25:42 [MainThread     ]       launchscreen.cpp:135    DBG| new LaunchScreen
2026-03-02 22:25:42 [MainThread     ]  windowsfilesystem.cpp:209    ERR| Error opening file: Z:\home\aechewhy\Games\Hades\Content\Game\LaunchScreen.sjson -- rb (error: No such file or directory)
2026-03-02 22:25:42 [MainThread     ]  platformanalytics.cpp:23     DBG| Initializing Analytics
2026-03-02 22:25:42 [NoName         ]       audiomanager.cpp:374    DBG| AudioManager.Initialize
2026-03-02 22:25:42 [MainThread     ]  platformanalytics.cpp:31     DBG| Done initializing Analytics
2026-03-02 22:25:42 [MainThread     ]            program.cpp:2297  INFO| Application Init+Load 1.436000
2026-03-02 22:25:42 [MainThread     ]            program.cpp:2311   DBG| User Document Path found!!
2026-03-02 22:25:42 [MainThread     ]            program.cpp:2325   DBG| Log file created
2026-03-02 22:25:42 [MainThread     ]            program.cpp:2339   DBG| Data correctly read!!
2026-03-02 22:25:42 [MainThread     ]        windowsbase.cpp:1150  INFO| Application Init+Load 1.436000
2026-03-02 22:25:42 [NoName         ]       audiomanager.cpp:464    DBG| FMOD Default Rate 48000 Mode 0 Speakers 0 Software Channels: 64
2026-03-02 22:25:42 [NoName         ]       audiomanager.cpp:470    DBG| FMOD changed to Rate: 48000 Mode: 3 Speakers: 2 Software Channels: 64
2026-03-02 22:25:42 [NoName         ]       launchscreen.cpp:62     DBG| Load Manifests took 0.104759
2026-03-02 22:25:42 [NoName         ]       audiomanager.cpp:546    DBG| FMOD post init Rate 48000 Mode 3 Speakers 2
2026-03-02 22:25:42 [NoName         ]       audiomanager.cpp:775    DBG| Loading bank: MasterBank.bank
2026-03-02 22:25:42 [NoName         ]       audiomanager.cpp:775    DBG| Loading bank: MasterBank.strings.bank
2026-03-02 22:25:42 [NoName         ]       audiomanager.cpp:775    DBG| Loading bank: Ambience.bank
2026-03-02 22:25:42 [NoName         ]       launchscreen.cpp:86     DBG| binkAtlases took 0.135688
2026-03-02 22:25:42 [NoName         ]   gameassetmanager.cpp:436   INFO| Start reading manifest GUI
2026-03-02 22:25:42 [NoName         ]       audiomanager.cpp:775    DBG| Loading bank: Music.bank
2026-03-02 22:25:42 [NoName         ]   gameassetmanager.cpp:489   INFO| Done reading manifest GUI
2026-03-02 22:25:42 [NoName         ]   gameassetmanager.cpp:436   INFO| Start reading manifest GUI_Mouse
2026-03-02 22:25:42 [NoName         ]   gameassetmanager.cpp:489   INFO| Done reading manifest GUI_Mouse
2026-03-02 22:25:42 [GameAssetManagerLoadThread]   gameassetmanager.cpp:515   INFO| Loading package: GUI.pkg
2026-03-02 22:25:42 [NoName         ]       audiomanager.cpp:775    DBG| Loading bank: Sounds.bank
2026-03-02 22:25:42 [NoName         ]       audiomanager.cpp:921    DBG| AudioManager categories loaded
2026-03-02 22:25:42 [NoName         ]       audiomanager.cpp:576    DBG| AudioManager.FModStartup complete
2026-03-02 22:25:42 [NoName         ]       audiomanager.cpp:384    DBG| AudioManager.Initialize complete
2026-03-02 22:25:42 [NoName         ]       launchscreen.cpp:119    DBG| AudioManager::Initialize took 0.353440
2026-03-02 22:25:42 [GameAssetManagerLoadThread]   gameassetmanager.cpp:545   INFO| Package Loaded: GUI
2026-03-02 22:25:42 [NoName         ]   gameassetmanager.cpp:436   INFO| Start reading manifest Fx
2026-03-02 22:25:42 [NoName         ]   gameassetmanager.cpp:489   INFO| Done reading manifest Fx
2026-03-02 22:25:42 [GameAssetManagerLoadThread]   gameassetmanager.cpp:515   INFO| Loading package: GUI_Mouse.pkg
2026-03-02 22:25:42 [GameAssetManagerLoadThread]   gameassetmanager.cpp:545   INFO| Package Loaded: GUI_Mouse
2026-03-02 22:25:42 [NoName         ]   gameassetmanager.cpp:436   INFO| Start reading manifest RoomManager
2026-03-02 22:25:42 [NoName         ]   gameassetmanager.cpp:489   INFO| Done reading manifest RoomManager
2026-03-02 22:25:42 [GameAssetManagerLoadThread]   gameassetmanager.cpp:515   INFO| Loading package: Fx.pkg
2026-03-02 22:25:43 [GameAssetManagerLoadThread]   gameassetmanager.cpp:545   INFO| Package Loaded: Fx
2026-03-02 22:25:43 [NoName         ]   gameassetmanager.cpp:436   INFO| Start reading manifest UIScripts
2026-03-02 22:25:43 [NoName         ]   gameassetmanager.cpp:489   INFO| Done reading manifest UIScripts
2026-03-02 22:25:43 [NoName         ]       launchscreen.cpp:103    DBG| Load BasePackages took 1.110868
2026-03-02 22:25:43 [GameAssetManagerLoadThread]   gameassetmanager.cpp:515   INFO| Loading package: RoomManager.pkg
2026-03-02 22:25:43 [GameAssetManagerLoadThread]   gameassetmanager.cpp:545   INFO| Package Loaded: RoomManager
2026-03-02 22:25:43 [GameAssetManagerLoadThread]   gameassetmanager.cpp:515   INFO| Loading package: UIScripts.pkg
2026-03-02 22:25:43 [GameAssetManagerLoadThread]   gameassetmanager.cpp:545   INFO| Package Loaded: UIScripts
2026-03-02 22:25:43 [NoName         ]       launchscreen.cpp:105    DBG| Finished AssetManager Loading 
2026-03-02 22:25:43 [NoName         ]    gamedatamanager.cpp:821   INFO| Reading game data from Z:\home\aechewhy\Games\Hades\Content\Game
2026-03-02 22:25:43 [NoName         ]    gamedatamanager.cpp:835    DBG| ReadUnitData took 0.003498 seconds
2026-03-02 22:25:43 [NoName         ]    gamedatamanager.cpp:904    DBG| ReadWeaponData took 0.007549 seconds
2026-03-02 22:25:43 [NoName         ]    gamedatamanager.cpp:926    DBG| Projectile took 0.010414 seconds
2026-03-02 22:25:43 [NoName         ]    gamedatamanager.cpp:941    DBG| ReadObstacleData took 0.020324 seconds
2026-03-02 22:25:43 [NoName         ]    gamedatamanager.cpp:954    DBG| Other Dat took 0.003670 seconds
2026-03-02 22:25:43 [NoName         ]     binaryloaddata.cpp:12    INFO| Reading 32202 bytes
2026-03-02 22:25:43 [NoName         ]     binaryloaddata.cpp:12    INFO| Reading 128202 bytes
2026-03-02 22:25:43 [NoName         ]     binaryloaddata.cpp:12    INFO| Reading 28362 bytes
2026-03-02 22:25:43 [NoName         ]     binaryloaddata.cpp:12    INFO| Reading 2602 bytes
2026-03-02 22:25:43 [NoName         ]     binaryloaddata.cpp:12    INFO| Reading 39882 bytes
2026-03-02 22:25:43 [NoName         ]     binaryloaddata.cpp:12    INFO| Reading 19402 bytes
2026-03-02 22:25:43 [NoName         ]     binaryloaddata.cpp:12    INFO| Reading 30922 bytes
2026-03-02 22:25:43 [NoName         ]     binaryloaddata.cpp:12    INFO| Reading 32202 bytes
2026-03-02 22:25:43 [NoName         ]     binaryloaddata.cpp:12    INFO| Reading 38602 bytes
2026-03-02 22:25:43 [NoName         ]     binaryloaddata.cpp:12    INFO| Reading 38602 bytes
2026-03-02 22:25:43 [NoName         ]     binaryloaddata.cpp:12    INFO| Reading 32202 bytes
2026-03-02 22:25:43 [NoName         ]     binaryloaddata.cpp:12    INFO| Reading 38602 bytes
2026-03-02 22:25:43 [NoName         ]     binaryloaddata.cpp:12    INFO| Reading 184559 bytes
2026-03-02 22:25:43 [NoName         ]     binaryloaddata.cpp:12    INFO| Reading 69359 bytes
2026-03-02 22:25:43 [NoName         ]     binaryloaddata.cpp:12    INFO| Reading 115439 bytes
2026-03-02 22:25:43 [NoName         ]     binaryloaddata.cpp:12    INFO| Reading 19439 bytes
2026-03-02 22:25:43 [NoName         ]     binaryloaddata.cpp:12    INFO| Reading 1401 bytes
2026-03-02 22:25:43 [NoName         ]     binaryloaddata.cpp:12    INFO| Reading 8161 bytes
2026-03-02 22:25:43 [NoName         ]     binaryloaddata.cpp:12    INFO| Reading 53961 bytes
2026-03-02 22:25:43 [NoName         ]     binaryloaddata.cpp:12    INFO| Reading 36041 bytes
2026-03-02 22:25:43 [NoName         ]     binaryloaddata.cpp:12    INFO| Reading 10441 bytes
2026-03-02 22:25:43 [NoName         ]     binaryloaddata.cpp:12    INFO| Reading 33481 bytes
2026-03-02 22:25:43 [NoName         ]     binaryloaddata.cpp:12    INFO| Reading 1401 bytes
2026-03-02 22:25:43 [NoName         ]     binaryloaddata.cpp:12    INFO| Reading 3561 bytes
2026-03-02 22:25:43 [NoName         ]     binaryloaddata.cpp:12    INFO| Reading 1401 bytes
2026-03-02 22:25:43 [NoName         ]     binaryloaddata.cpp:12    INFO| Reading 51401 bytes
2026-03-02 22:25:43 [NoName         ]     binaryloaddata.cpp:12    INFO| Reading 61641 bytes
2026-03-02 22:25:43 [NoName         ]     binaryloaddata.cpp:12    INFO| Reading 8761 bytes
2026-03-02 22:25:43 [NoName         ]     binaryloaddata.cpp:12    INFO| Reading 6161 bytes
2026-03-02 22:25:43 [NoName         ]     binaryloaddata.cpp:12    INFO| Reading 59721 bytes
2026-03-02 22:25:43 [NoName         ]     binaryloaddata.cpp:12    INFO| Reading 52681 bytes
2026-03-02 22:25:43 [NoName         ]     binaryloaddata.cpp:12    INFO| Reading 128201 bytes
2026-03-02 22:25:43 [NoName         ]     binaryloaddata.cpp:12    INFO| Reading 224201 bytes
2026-03-02 22:25:43 [NoName         ]     binaryloaddata.cpp:12    INFO| Reading 107721 bytes
2026-03-02 22:25:43 [NoName         ]     binaryloaddata.cpp:12    INFO| Reading 56521 bytes
2026-03-02 22:25:43 [NoName         ]     binaryloaddata.cpp:12    INFO| Reading 10441 bytes
2026-03-02 22:25:43 [NoName         ]     binaryloaddata.cpp:12    INFO| Reading 3801 bytes
2026-03-02 22:25:43 [NoName         ]     binaryloaddata.cpp:12    INFO| Reading 45436 bytes
2026-03-02 22:25:43 [NoName         ]     binaryloaddata.cpp:12    INFO| Reading 1564 bytes
2026-03-02 22:25:43 [NoName         ]     binaryloaddata.cpp:12    INFO| Reading 41596 bytes
2026-03-02 22:25:43 [NoName         ]     binaryloaddata.cpp:12    INFO| Reading 30844 bytes
2026-03-02 22:25:43 [NoName         ]     binaryloaddata.cpp:12    INFO| Reading 38524 bytes
2026-03-02 22:25:43 [NoName         ]     binaryloaddata.cpp:12    INFO| Reading 23164 bytes
2026-03-02 22:25:43 [NoName         ]     binaryloaddata.cpp:12    INFO| Reading 92284 bytes
2026-03-02 22:25:43 [NoName         ]     binaryloaddata.cpp:12    INFO| Reading 32380 bytes
2026-03-02 22:25:43 [NoName         ]     binaryloaddata.cpp:12    INFO| Reading 75940 bytes
2026-03-02 22:25:43 [NoName         ]     binaryloaddata.cpp:12    INFO| Reading 101540 bytes
2026-03-02 22:25:43 [NoName         ]     binaryloaddata.cpp:12    INFO| Reading 71844 bytes
2026-03-02 22:25:43 [NoName         ]     binaryloaddata.cpp:12    INFO| Reading 119972 bytes
2026-03-02 22:25:43 [NoName         ]     binaryloaddata.cpp:12    INFO| Reading 17572 bytes
2026-03-02 22:25:43 [NoName         ]     binaryloaddata.cpp:12    INFO| Reading 24740 bytes
2026-03-02 22:25:43 [NoName         ]     binaryloaddata.cpp:12    INFO| Reading 29860 bytes
2026-03-02 22:25:43 [NoName         ]     binaryloaddata.cpp:12    INFO| Reading 50340 bytes
2026-03-02 22:25:43 [NoName         ]     binaryloaddata.cpp:12    INFO| Reading 47771 bytes
2026-03-02 22:25:43 [NoName         ]     binaryloaddata.cpp:12    INFO| Reading 107803 bytes
2026-03-02 22:25:43 [NoName         ]     binaryloaddata.cpp:12    INFO| Reading 107803 bytes
2026-03-02 22:25:43 [NoName         ]     binaryloaddata.cpp:12    INFO| Reading 107803 bytes
2026-03-02 22:25:43 [NoName         ]     binaryloaddata.cpp:12    INFO| Reading 114971 bytes
2026-03-02 22:25:43 [NoName         ]     binaryloaddata.cpp:12    INFO| Reading 215323 bytes
2026-03-02 22:25:43 [NoName         ]     binaryloaddata.cpp:12    INFO| Reading 57627 bytes
2026-03-02 22:25:43 [NoName         ]     binaryloaddata.cpp:12    INFO| Reading 183067 bytes
2026-03-02 22:25:43 [NoName         ]     binaryloaddata.cpp:12    INFO| Reading 179483 bytes
2026-03-02 22:25:43 [NoName         ]     binaryloaddata.cpp:12    INFO| Reading 55835 bytes
2026-03-02 22:25:43 [NoName         ]     binaryloaddata.cpp:12    INFO| Reading 75547 bytes
2026-03-02 22:25:43 [NoName         ]     binaryloaddata.cpp:12    INFO| Reading 54043 bytes
2026-03-02 22:25:43 [NoName         ]     binaryloaddata.cpp:12    INFO| Reading 114971 bytes
2026-03-02 22:25:43 [NoName         ]     binaryloaddata.cpp:12    INFO| Reading 57627 bytes
2026-03-02 22:25:43 [NoName         ]     binaryloaddata.cpp:12    INFO| Reading 89883 bytes
2026-03-02 22:25:43 [NoName         ]     binaryloaddata.cpp:12    INFO| Reading 111387 bytes
2026-03-02 22:25:43 [NoName         ]     binaryloaddata.cpp:12    INFO| Reading 140059 bytes
2026-03-02 22:25:43 [NoName         ]     binaryloaddata.cpp:12    INFO| Reading 55835 bytes
2026-03-02 22:25:43 [NoName         ]     binaryloaddata.cpp:12    INFO| Reading 54043 bytes
2026-03-02 22:25:43 [NoName         ]     binaryloaddata.cpp:12    INFO| Reading 57627 bytes
2026-03-02 22:25:43 [NoName         ]     binaryloaddata.cpp:12    INFO| Reading 114971 bytes
2026-03-02 22:25:43 [NoName         ]     binaryloaddata.cpp:12    INFO| Reading 215323 bytes
2026-03-02 22:25:43 [NoName         ]     binaryloaddata.cpp:12    INFO| Reading 8795 bytes
2026-03-02 22:25:43 [NoName         ]     binaryloaddata.cpp:12    INFO| Reading 57627 bytes
2026-03-02 22:25:43 [NoName         ]     binaryloaddata.cpp:12    INFO| Reading 236827 bytes
2026-03-02 22:25:43 [NoName         ]     binaryloaddata.cpp:12    INFO| Reading 36123 bytes
2026-03-02 22:25:43 [NoName         ]     binaryloaddata.cpp:12    INFO| Reading 89883 bytes
2026-03-02 22:25:43 [NoName         ]     binaryloaddata.cpp:12    INFO| Reading 197403 bytes
2026-03-02 22:25:43 [NoName         ]     binaryloaddata.cpp:12    INFO| Reading 45083 bytes
2026-03-02 22:25:43 [NoName         ]     binaryloaddata.cpp:12    INFO| Reading 45083 bytes
2026-03-02 22:25:43 [NoName         ]     binaryloaddata.cpp:12    INFO| Reading 54043 bytes
2026-03-02 22:25:43 [NoName         ]     binaryloaddata.cpp:12    INFO| Reading 86299 bytes
2026-03-02 22:25:43 [NoName         ]     binaryloaddata.cpp:12    INFO| Reading 136475 bytes
2026-03-02 22:25:43 [NoName         ]     binaryloaddata.cpp:12    INFO| Reading 138267 bytes
2026-03-02 22:25:43 [NoName         ]     binaryloaddata.cpp:12    INFO| Reading 114971 bytes
2026-03-02 22:25:43 [NoName         ]     binaryloaddata.cpp:12    INFO| Reading 57627 bytes
2026-03-02 22:25:43 [NoName         ]     binaryloaddata.cpp:12    INFO| Reading 57627 bytes
2026-03-02 22:25:43 [NoName         ]     binaryloaddata.cpp:12    INFO| Reading 57627 bytes
2026-03-02 22:25:43 [NoName         ]     binaryloaddata.cpp:12    INFO| Reading 57627 bytes
2026-03-02 22:25:43 [NoName         ]     binaryloaddata.cpp:12    INFO| Reading 57627 bytes
2026-03-02 22:25:43 [NoName         ]     binaryloaddata.cpp:12    INFO| Reading 186651 bytes
2026-03-02 22:25:43 [NoName         ]     binaryloaddata.cpp:12    INFO| Reading 143643 bytes
2026-03-02 22:25:43 [NoName         ]     binaryloaddata.cpp:12    INFO| Reading 161563 bytes
2026-03-02 22:25:43 [NoName         ]     binaryloaddata.cpp:12    INFO| Reading 54043 bytes
2026-03-02 22:25:43 [NoName         ]     binaryloaddata.cpp:12    INFO| Reading 57627 bytes
2026-03-02 22:25:43 [NoName         ]     binaryloaddata.cpp:12    INFO| Reading 269083 bytes
2026-03-02 22:25:43 [NoName         ]     binaryloaddata.cpp:12    INFO| Reading 304923 bytes
2026-03-02 22:25:43 [NoName         ]     binaryloaddata.cpp:12    INFO| Reading 63003 bytes
2026-03-02 22:25:43 [NoName         ]     binaryloaddata.cpp:12    INFO| Reading 204571 bytes
2026-03-02 22:25:43 [NoName         ]     binaryloaddata.cpp:12    INFO| Reading 150811 bytes
2026-03-02 22:25:43 [NoName         ]     binaryloaddata.cpp:12    INFO| Reading 134683 bytes
2026-03-02 22:25:43 [NoName         ]     binaryloaddata.cpp:12    INFO| Reading 107803 bytes
2026-03-02 22:25:43 [NoName         ]     binaryloaddata.cpp:12    INFO| Reading 27163 bytes
2026-03-02 22:25:43 [NoName         ]     binaryloaddata.cpp:12    INFO| Reading 229659 bytes
2026-03-02 22:25:43 [NoName         ]     binaryloaddata.cpp:12    INFO| Reading 28955 bytes
2026-03-02 22:25:43 [NoName         ]     binaryloaddata.cpp:12    INFO| Reading 304923 bytes
2026-03-02 22:25:43 [NoName         ]     binaryloaddata.cpp:12    INFO| Reading 236827 bytes
2026-03-02 22:25:43 [NoName         ]     binaryloaddata.cpp:12    INFO| Reading 71963 bytes
2026-03-02 22:25:43 [NoName         ]     binaryloaddata.cpp:12    INFO| Reading 122139 bytes
2026-03-02 22:25:43 [NoName         ]     binaryloaddata.cpp:12    INFO| Reading 168295 bytes
2026-03-02 22:25:43 [NoName         ]     binaryloaddata.cpp:12    INFO| Reading 114971 bytes
2026-03-02 22:25:43 [NoName         ]     binaryloaddata.cpp:12    INFO| Reading 118555 bytes
2026-03-02 22:25:43 [NoName         ]     binaryloaddata.cpp:12    INFO| Reading 63003 bytes
2026-03-02 22:25:43 [NoName         ]     binaryloaddata.cpp:12    INFO| Reading 114971 bytes
2026-03-02 22:25:43 [NoName         ]     binaryloaddata.cpp:12    INFO| Reading 134683 bytes
2026-03-02 22:25:43 [NoName         ]     binaryloaddata.cpp:12    INFO| Reading 111387 bytes
2026-03-02 22:25:43 [NoName         ]     binaryloaddata.cpp:12    INFO| Reading 63003 bytes
2026-03-02 22:25:43 [NoName         ]     binaryloaddata.cpp:12    INFO| Reading 89883 bytes
2026-03-02 22:25:43 [NoName         ]     binaryloaddata.cpp:12    INFO| Reading 107803 bytes
2026-03-02 22:25:43 [NoName         ]     binaryloaddata.cpp:12    INFO| Reading 125723 bytes
2026-03-02 22:25:43 [NoName         ]     binaryloaddata.cpp:12    INFO| Reading 154395 bytes
2026-03-02 22:25:43 [NoName         ]     binaryloaddata.cpp:12    INFO| Reading 63003 bytes
2026-03-02 22:25:43 [NoName         ]     binaryloaddata.cpp:12    INFO| Reading 114971 bytes
2026-03-02 22:25:43 [NoName         ]     binaryloaddata.cpp:12    INFO| Reading 114971 bytes
2026-03-02 22:25:43 [NoName         ]     binaryloaddata.cpp:12    INFO| Reading 63003 bytes
2026-03-02 22:25:43 [NoName         ]     binaryloaddata.cpp:12    INFO| Reading 114971 bytes
2026-03-02 22:25:43 [NoName         ]     binaryloaddata.cpp:12    INFO| Reading 111387 bytes
2026-03-02 22:25:43 [NoName         ]     binaryloaddata.cpp:12    INFO| Reading 149915 bytes
2026-03-02 22:25:43 [NoName         ]     binaryloaddata.cpp:12    INFO| Reading 89883 bytes
2026-03-02 22:25:43 [NoName         ]     binaryloaddata.cpp:12    INFO| Reading 159323 bytes
2026-03-02 22:25:43 [NoName         ]     binaryloaddata.cpp:12    INFO| Reading 116763 bytes
2026-03-02 22:25:43 [NoName         ]     binaryloaddata.cpp:12    INFO| Reading 44187 bytes
2026-03-02 22:25:43 [NoName         ]     binaryloaddata.cpp:12    INFO| Reading 22683 bytes
2026-03-02 22:25:43 [NoName         ]     binaryloaddata.cpp:12    INFO| Reading 125723 bytes
2026-03-02 22:25:43 [NoName         ]     binaryloaddata.cpp:12    INFO| Reading 18203 bytes
2026-03-02 22:25:43 [NoName         ]    gamedatamanager.cpp:977    DBG| ReadAnimationData took 0.265549 seconds
2026-03-02 22:25:43 [NoName         ]    gamedatamanager.cpp:982    DBG| ReadTextData took 0.044570 seconds
2026-03-02 22:25:43 [NoName         ]    gamedatamanager.cpp:990    DBG| ReadGameData took 0.355637 seconds
2026-03-02 22:25:43 [MainThread     ]       launchscreen.cpp:301    DBG| Done with boot load
2026-03-02 22:25:43 [MainThread     ]           ingameui.cpp:43    INFO| InGameUI Construct
2026-03-02 22:25:43 [MainThread     ]  windowsfilesystem.cpp:209    ERR| Error opening file: Z:\home\aechewhy\Games\Hades\Content\Game\InGameUI.sjson -- rb (error: No such file or directory)
2026-03-02 22:25:44 [MainThread     ]       launchscreen.cpp:667    DBG| Launch took 4.175196 seconds
2026-03-02 22:25:44 [MainThread     ]  windowsfilesystem.cpp:209    ERR| Error opening file: Z:\home\aechewhy\Games\Hades\Content\Game\MainMenuScreen.sjson -- rb (error: No such file or directory)
2026-03-02 22:25:46 [MainThread     ]  windowsfilesystem.cpp:209    ERR| Error opening file: Z:\home\aechewhy\Games\Hades\Content\Game\CloudSyncDialog.sjson -- rb (error: No such file or directory)
2026-03-02 22:25:46 [NoName         ]         platformfile.h:191    DBG| WindowsFile::DirectoryGetFiles(  C:\users\steamuser\Documents\Saved Games\Hades  ,  , *.sav  )
2026-03-02 22:25:46 [NoName         ]    progressmanager.cpp:843   INFO| ProgressManager.load Profile1.sav IPlatformSaveDevice
2026-03-02 22:25:46 [NoName         ]       pcsavedevice.cpp:249   INFO| Opening save file for reading: Profile1.sav
2026-03-02 22:25:46 [NoName         ]     binaryloaddata.cpp:12    INFO| Reading 548469 bytes
2026-03-02 22:25:46 [NoName         ]    progressmanager.cpp:882   INFO| Load succeeded
2026-03-02 22:25:46 [NoName         ]    progressmanager.cpp:843   INFO| ProgressManager.load Profile1.v.sav IPlatformSaveDevice
2026-03-02 22:25:46 [NoName         ]       pcsavedevice.cpp:249   INFO| Opening save file for reading: Profile1.v.sav
2026-03-02 22:25:46 [NoName         ]     binaryloaddata.cpp:12    INFO| Reading 9 bytes
2026-03-02 22:25:46 [NoName         ]    progressmanager.cpp:882   INFO| Load succeeded
2026-03-02 22:25:46 [NoName         ]    progressmanager.cpp:843   INFO| ProgressManager.load Profile1_Temp.sav IPlatformSaveDevice
2026-03-02 22:25:46 [NoName         ]       pcsavedevice.cpp:249   INFO| Opening save file for reading: Profile1_Temp.sav
2026-03-02 22:25:46 [NoName         ]     binaryloaddata.cpp:12    INFO| Reading 541233 bytes
2026-03-02 22:25:46 [NoName         ]    progressmanager.cpp:882   INFO| Load succeeded
2026-03-02 22:25:46 [NoName         ]    progressmanager.cpp:843   INFO| ProgressManager.load Profile2.sav IPlatformSaveDevice
2026-03-02 22:25:46 [NoName         ]       pcsavedevice.cpp:249   INFO| Opening save file for reading: Profile2.sav
2026-03-02 22:25:46 [NoName         ]     binaryloaddata.cpp:12    INFO| Reading 18025 bytes
2026-03-02 22:25:46 [NoName         ]    progressmanager.cpp:882   INFO| Load succeeded
2026-03-02 22:25:46 [NoName         ]    progressmanager.cpp:843   INFO| ProgressManager.load Profile2_Temp.sav IPlatformSaveDevice
2026-03-02 22:25:46 [NoName         ]       pcsavedevice.cpp:249   INFO| Opening save file for reading: Profile2_Temp.sav
2026-03-02 22:25:46 [NoName         ]     binaryloaddata.cpp:12    INFO| Reading 19920 bytes
2026-03-02 22:25:46 [NoName         ]    progressmanager.cpp:882   INFO| Load succeeded
2026-03-02 22:25:46 [NoName         ]    progressmanager.cpp:843   INFO| ProgressManager.load Profile3.sav IPlatformSaveDevice
2026-03-02 22:25:46 [NoName         ]       pcsavedevice.cpp:249   INFO| Opening save file for reading: Profile3.sav
2026-03-02 22:25:46 [NoName         ]     binaryloaddata.cpp:12    INFO| Reading 596112 bytes
2026-03-02 22:25:46 [NoName         ]    progressmanager.cpp:882   INFO| Load succeeded
2026-03-02 22:25:46 [MainThread     ] remoteprofilescreen.cpp:603    DBG| ActiveProfile = Profile1
2026-03-02 22:25:46 [MainThread     ] remoteprofilescreen.cpp:617    DBG| Profile1 == Profile1, ActiveProfile Index = 0
2026-03-02 22:25:46 [MainThread     ]  windowsfilesystem.cpp:209    ERR| Error opening file: Z:\home\aechewhy\Games\Hades\Content\Game\RemoteProfileScreen.sjson -- rb (error: No such file or directory)
2026-03-02 22:25:46 [MainThread     ] remoteprofilescreen.cpp:686    DBG| Finishing Creating Components For RemoteProfileScreen
2026-03-02 22:25:46 [NoName         ] remoteprofilescreen.cpp:61     DBG| SetupProfiles
2026-03-02 22:25:46 [NoName         ]         platformfile.h:191    DBG| WindowsFile::DirectoryGetFiles(  C:\users\steamuser\Documents\Saved Games\Hades  ,  , *.sjson  )
2026-03-02 22:25:46 [NoName         ] remoteprofilescreen.cpp:66     DBG| Total saves :6
2026-03-02 22:25:46 [NoName         ]    progressmanager.cpp:190    DBG| Getting Preferred Save
2026-03-02 22:25:46 [NoName         ]    progressmanager.cpp:198    DBG| MainSaveInfo
2026-03-02 22:25:46 [NoName         ]    progressmanager.cpp:205    DBG| tempSaveInfo
2026-03-02 22:25:46 [NoName         ]    progressmanager.cpp:212    DBG| mainSaveIndex >
2026-03-02 22:25:46 [NoName         ]    progressmanager.cpp:218    DBG| tempSaveIndex >
2026-03-02 22:25:46 [NoName         ]    progressmanager.cpp:238    DBG| mainSaveIndex >= 0
2026-03-02 22:25:46 [NoName         ] remoteprofilescreen.cpp:75     DBG| localSaveFileName  :Profile1.sav
2026-03-02 22:25:46 [NoName         ] remoteprofilescreen.cpp:78     DBG| !saveFileName.empty()
2026-03-02 22:25:46 [NoName         ] remoteprofilescreen.cpp:82     DBG| mProfileButtons[0]->mDataValue: Profile1
2026-03-02 22:25:46 [NoName         ]    progressmanager.cpp:190    DBG| Getting Preferred Save
2026-03-02 22:25:46 [NoName         ]    progressmanager.cpp:198    DBG| MainSaveInfo
2026-03-02 22:25:46 [NoName         ]    progressmanager.cpp:205    DBG| tempSaveInfo
2026-03-02 22:25:46 [NoName         ]    progressmanager.cpp:212    DBG| mainSaveIndex >
2026-03-02 22:25:46 [NoName         ] remoteprofilescreen.cpp:75     DBG| localSaveFileName  :Profile2.sav
2026-03-02 22:25:46 [NoName         ] remoteprofilescreen.cpp:78     DBG| !saveFileName.empty()
2026-03-02 22:25:46 [NoName         ] remoteprofilescreen.cpp:82     DBG| mProfileButtons[1]->mDataValue: Profile2
2026-03-02 22:25:46 [NoName         ]    progressmanager.cpp:190    DBG| Getting Preferred Save
2026-03-02 22:25:46 [NoName         ]    progressmanager.cpp:198    DBG| MainSaveInfo
2026-03-02 22:25:46 [NoName         ]    progressmanager.cpp:205    DBG| tempSaveInfo
2026-03-02 22:25:46 [NoName         ]    progressmanager.cpp:212    DBG| mainSaveIndex >
2026-03-02 22:25:46 [NoName         ] remoteprofilescreen.cpp:75     DBG| localSaveFileName  :Profile3.sav
2026-03-02 22:25:46 [NoName         ] remoteprofilescreen.cpp:78     DBG| !saveFileName.empty()
2026-03-02 22:25:46 [NoName         ] remoteprofilescreen.cpp:82     DBG| mProfileButtons[2]->mDataValue: Profile3
2026-03-02 22:25:46 [NoName         ]    progressmanager.cpp:190    DBG| Getting Preferred Save
2026-03-02 22:25:46 [NoName         ]    progressmanager.cpp:198    DBG| MainSaveInfo
2026-03-02 22:25:46 [NoName         ]    progressmanager.cpp:205    DBG| tempSaveInfo
2026-03-02 22:25:46 [NoName         ]    progressmanager.cpp:212    DBG| mainSaveIndex >
2026-03-02 22:25:46 [NoName         ]    progressmanager.cpp:218    DBG| tempSaveIndex >
2026-03-02 22:25:46 [NoName         ]    progressmanager.cpp:238    DBG| mainSaveIndex >= 0
2026-03-02 22:25:46 [NoName         ] remoteprofilescreen.cpp:75     DBG| localSaveFileName  :
2026-03-02 22:25:47 [MainThread     ] remoteprofilescreen.cpp:778    DBG| Enter Profile Button
2026-03-02 22:25:47 [MainThread     ] remoteprofilescreen.cpp:486    DBG| Enter StartOrContinueGame
2026-03-02 22:25:47 [MainThread     ] remoteprofilescreen.cpp:506    DBG| loading CheckPoint
2026-03-02 22:25:47 [MainThread     ]    progressmanager.cpp:1243  INFO| ProgressManager.load Profile1.sav IPlatformSaveDevice
2026-03-02 22:25:47 [NoName         ]       pcsavedevice.cpp:249   INFO| Opening save file for reading: Profile1.sav
2026-03-02 22:25:47 [NoName         ]     binaryloaddata.cpp:12    INFO| Reading 548469 bytes
2026-03-02 22:25:47 [MainThread     ]    progressmanager.cpp:1305  INFO| Load succeeded
2026-03-02 22:25:47 [MainThread     ]                app.cpp:1488   DBG| App.Reset Start
2026-03-02 22:25:47 [MainThread     ]             luaext.cpp:453   INFO| Lua interface destroyed
2026-03-02 22:25:48 [MainThread     ]       audiomanager.cpp:158    DBG| AudioManager.reset
2026-03-02 22:25:48 [MainThread     ]       audiomanager.cpp:3420   DBG| AudioManager.reset, excludeId = -1, fullWipe = true
2026-03-02 22:25:48 [MainThread     ]     profilemanager.cpp:40    INFO| Loading default profile C:\users\steamuser\Documents\Saved Games\Hades Profile1
2026-03-02 22:25:48 [MainThread     ]     profilemanager.cpp:187   INFO| ProfileManager::Load(): Profile1.sjson 
2026-03-02 22:25:48 [MainThread     ]       pcsavedevice.cpp:249   INFO| Opening save file for reading: Profile1.sjson
2026-03-02 22:25:48 [MainThread     ]      configoptions.cpp:1567  INFO| ConfigOption: WindowHeight = 1080
2026-03-02 22:25:48 [MainThread     ]      configoptions.cpp:1560  INFO| ConfigOption: UseMouse = true
2026-03-02 22:25:48 [MainThread     ]      configoptions.cpp:1567  INFO| ConfigOption: NewUpdateSoundRevisionViewed = 38290
2026-03-02 22:25:48 [MainThread     ]      configoptions.cpp:1567  INFO| ConfigOption: BackupSaveCount = 6
2026-03-02 22:25:48 [MainThread     ]      configoptions.cpp:1567  INFO| ConfigOption: LastRoadmapRevisionViewed = 38290
2026-03-02 22:25:48 [MainThread     ]      configoptions.cpp:1567  INFO| ConfigOption: SwapInterval = 0
2026-03-02 22:25:48 [MainThread     ]      configoptions.cpp:1567  INFO| ConfigOption: DisplayIndex = 0
2026-03-02 22:25:48 [MainThread     ]      configoptions.cpp:1560  INFO| ConfigOption: ShowGameplayTimer = true
2026-03-02 22:25:48 [MainThread     ]      configoptions.cpp:1560  INFO| ConfigOption: ValidCheckpoint = false
2026-03-02 22:25:48 [MainThread     ]      configoptions.cpp:1567  INFO| ConfigOption: LastPatchNoteRevisionViewed = 38290
2026-03-02 22:25:48 [MainThread     ]      configoptions.cpp:1567  INFO| ConfigOption: ScreenshotCount = 1
2026-03-02 22:25:48 [MainThread     ]      configoptions.cpp:1567  INFO| ConfigOption: ControlsResetRevisionViewed = 38290
2026-03-02 22:25:48 [MainThread     ]      configoptions.cpp:1567  INFO| ConfigOption: Y = 1080
2026-03-02 22:25:48 [MainThread     ]      configoptions.cpp:1567  INFO| ConfigOption: X = 1920
2026-03-02 22:25:48 [MainThread     ]      configoptions.cpp:1560  INFO| ConfigOption: DefaultControlsChosen = true
2026-03-02 22:25:48 [MainThread     ]      configoptions.cpp:1567  INFO| ConfigOption: WindowWidth = 1920
2026-03-02 22:25:48 [MainThread     ]      configoptions.cpp:1560  INFO| ConfigOption: UseAltCursor = true
2026-03-02 22:25:48 [MainThread     ]     profilemanager.cpp:216   INFO| Load profile successful
2026-03-02 22:25:48 [MainThread     ]  windowsfilesystem.cpp:209    ERR| Error opening file: C:\users\steamuser\Documents\Saved Games\Hades\ARCHLINUX.sjson -- rb (error: No such file or directory)
2026-03-02 22:25:48 [MainThread     ]  windowsfilesystem.cpp:209    ERR| Error opening file: Z:\home\aechewhy\Games\Hades\Content\ConfigOptions\ARCHLINUX.sjson -- rb (error: No such file or directory)
2026-03-02 22:25:48 [MainThread     ]      configoptions.cpp:1588  INFO| ConfigOption: NextUpdateDate = NextUpdateCountdownCustom
2026-03-02 22:25:48 [MainThread     ]      configoptions.cpp:1588  INFO| ConfigOption: LastUpdateDate = 07-03-2020
2026-03-02 22:25:48 [MainThread     ]      configoptions.cpp:1588  INFO| ConfigOption: UpdateWarningDate = 11-01-2020
2026-03-02 22:25:48 [MainThread     ]      configoptions.cpp:1588  INFO| ConfigOption: SaveCollectionBeginDate = 10-05-2020
2026-03-02 22:25:48 [MainThread     ]      configoptions.cpp:1588  INFO| ConfigOption: SaveCollectionEndDate = 10-09-2020
2026-03-02 22:25:48 [MainThread     ]     binarysavedata.cpp:17    INFO| Writing 16 bytes
2026-03-02 22:25:48 [MainThread     ]                app.cpp:1539   DBG| App.Reset Finished
2026-03-02 22:25:48 [MainThread     ]              world.cpp:1526  INFO| World::Begin()  -> RoomPreRun
2026-03-02 22:25:48 [MainThread     ]       audiomanager.cpp:1062   DBG| Unloading map banks
2026-03-02 22:25:48 [NoName         ]              world.cpp:1370  INFO| PreScriptLoad
2026-03-02 22:25:48 [NoName         ]              world.cpp:1329  INFO| Loading next map: RoomPreRun
2026-03-02 22:25:48 [NoName         ]     binaryloaddata.cpp:12    INFO| Reading 164312 bytes
2026-03-02 22:25:48 [NoName         ]       audiomanager.cpp:1022   DBG| Loading map banks for: RoomPreRun
2026-03-02 22:25:48 [NoName         ]       audiomanager.cpp:775    DBG| Loading bank: DeathArea.bank
2026-03-02 22:25:48 [NoName         ]    progressmanager.cpp:1160  INFO| ProgressManager::LoadLua 547914 -> 2444177 4.460877 : 0.011485 s
2026-03-02 22:25:48 [NoName         ]              world.cpp:1382  INFO| PreScriptLoad Done
2026-03-02 22:25:48 [NoName         ]   gameassetmanager.cpp:436   INFO| Start reading manifest DeathArea
2026-03-02 22:25:48 [NoName         ]   gameassetmanager.cpp:489   INFO| Done reading manifest DeathArea
2026-03-02 22:25:48 [NoName         ]              world.cpp:1398   DBG| load packages took 0.002632
2026-03-02 22:25:48 [NoName         ]              world.cpp:1420   DBG| loadScriptsTask Done 
2026-03-02 22:25:48 [GameAssetManagerLoadThread]   gameassetmanager.cpp:515   INFO| Loading package: DeathArea.pkg
2026-03-02 22:25:48 [NoName         ]              world.cpp:1360   DBG| Map Load took 0.038136
2026-03-02 22:25:48 [GameAssetManagerLoadThread]   gameassetmanager.cpp:545   INFO| Package Loaded: DeathArea
2026-03-02 22:25:48 [NoName         ]              world.cpp:1424   DBG| Finished Asset Loading 
2026-03-02 22:25:48 [NoName         ]              world.cpp:1431   DBG| Calling PostLoad
2026-03-02 22:25:48 [NoName         ]   gameassetmanager.cpp:436   INFO| Start reading manifest PoseidonUpgrade
2026-03-02 22:25:48 [NoName         ]   gameassetmanager.cpp:489   INFO| Done reading manifest PoseidonUpgrade
2026-03-02 22:25:48 [NoName         ]   gameassetmanager.cpp:436   INFO| Start reading manifest ArtemisUpgrade
2026-03-02 22:25:48 [NoName         ]   gameassetmanager.cpp:489   INFO| Done reading manifest ArtemisUpgrade
2026-03-02 22:25:48 [GameAssetManagerLoadThread]   gameassetmanager.cpp:515   INFO| Loading package: PoseidonUpgrade.pkg
2026-03-02 22:25:48 [GameAssetManagerLoadThread]   gameassetmanager.cpp:545   INFO| Package Loaded: PoseidonUpgrade
2026-03-02 22:25:48 [GameAssetManagerLoadThread]   gameassetmanager.cpp:515   INFO| Loading package: ArtemisUpgrade.pkg
2026-03-02 22:25:48 [GameAssetManagerLoadThread]   gameassetmanager.cpp:545   INFO| Package Loaded: ArtemisUpgrade
2026-03-02 22:25:48 [NoName         ]  windowsfilesystem.cpp:209    ERR| Error opening file: Z:\home\aechewhy\Games\Hades\Content\Win\Packages\TrialUpgrade.pkg_manifest -- rb (error: No such file or directory)
2026-03-02 22:25:48 [NoName         ]  windowsfilesystem.cpp:209    ERR| Error opening file: Z:\home\aechewhy\Games\Hades\Content\Win\Packages\TrialUpgrade.pkg_manifest -- rb (error: No such file or directory)
2026-03-02 22:25:48 [GameAssetManagerLoadThread]   gameassetmanager.cpp:515   INFO| Loading package: TrialUpgrade.pkg
2026-03-02 22:25:48 [GameAssetManagerLoadThread]  windowsfilesystem.cpp:209    ERR| Error opening file: Z:\home\aechewhy\Games\Hades\Content\Win\Packages\TrialUpgrade.pkg_manifest -- rb (error: No such file or directory)
2026-03-02 22:25:48 [GameAssetManagerLoadThread]  windowsfilesystem.cpp:209    ERR| Error opening file: Z:\home\aechewhy\Games\Hades\Content\Win\Packages\TrialUpgrade.pkg -- rb (error: No such file or directory)
2026-03-02 22:25:48 [GameAssetManagerLoadThread]   gameassetmanager.cpp:401    ERR| Package load failed TrialUpgrade.pkg
2026-03-02 22:25:48 [GameAssetManagerLoadThread]   gameassetmanager.cpp:545   INFO| Package Loaded: TrialUpgrade
2026-03-02 22:25:48 [NoName         ]   gameassetmanager.cpp:436   INFO| Start reading manifest AphroditeUpgrade
2026-03-02 22:25:48 [NoName         ]   gameassetmanager.cpp:489   INFO| Done reading manifest AphroditeUpgrade
2026-03-02 22:25:48 [NoName         ]   gameassetmanager.cpp:436   INFO| Start reading manifest DionysusUpgrade
2026-03-02 22:25:48 [NoName         ]   gameassetmanager.cpp:489   INFO| Done reading manifest DionysusUpgrade
2026-03-02 22:25:48 [GameAssetManagerLoadThread]   gameassetmanager.cpp:515   INFO| Loading package: AphroditeUpgrade.pkg
2026-03-02 22:25:48 [GameAssetManagerLoadThread]   gameassetmanager.cpp:545   INFO| Package Loaded: AphroditeUpgrade
2026-03-02 22:25:48 [GameAssetManagerLoadThread]   gameassetmanager.cpp:515   INFO| Loading package: DionysusUpgrade.pkg
2026-03-02 22:25:48 [GameAssetManagerLoadThread]   gameassetmanager.cpp:545   INFO| Package Loaded: DionysusUpgrade
2026-03-02 22:25:48 [NoName         ]   gameassetmanager.cpp:436   INFO| Start reading manifest Charts
2026-03-02 22:25:48 [NoName         ]   gameassetmanager.cpp:489   INFO| Done reading manifest Charts
2026-03-02 22:25:48 [GameAssetManagerLoadThread]   gameassetmanager.cpp:515   INFO| Loading package: Charts.pkg
2026-03-02 22:25:48 [GameAssetManagerLoadThread]   gameassetmanager.cpp:545   INFO| Package Loaded: Charts
2026-03-02 22:25:48 [NoName         ]              world.cpp:1433   DBG| Finished PostLaod
2026-03-02 22:25:48 [NoName         ]              world.cpp:1435   DBG| Finished Asset Loading 
2026-03-02 22:25:48 [NoName         ]              world.cpp:1440   DBG| end of postLoadTask
2026-03-02 22:25:48 [MainThread     ]   gameassetmanager.cpp:436   INFO| Start reading manifest SpearWeapon
2026-03-02 22:25:48 [MainThread     ]   gameassetmanager.cpp:489   INFO| Done reading manifest SpearWeapon
2026-03-02 22:25:48 [GameAssetManagerLoadThread]   gameassetmanager.cpp:515   INFO| Loading package: SpearWeapon.pkg
2026-03-02 22:25:48 [GameAssetManagerLoadThread]   gameassetmanager.cpp:545   INFO| Package Loaded: SpearWeapon
2026-03-02 22:25:48 [MainThread     ]   gameassetmanager.cpp:436   INFO| Start reading manifest SpearWeaponThrow
2026-03-02 22:25:48 [MainThread     ]   gameassetmanager.cpp:489   INFO| Done reading manifest SpearWeaponThrow
2026-03-02 22:25:48 [GameAssetManagerLoadThread]   gameassetmanager.cpp:515   INFO| Loading package: SpearWeaponThrow.pkg
2026-03-02 22:25:48 [GameAssetManagerLoadThread]   gameassetmanager.cpp:545   INFO| Package Loaded: SpearWeaponThrow
2026-03-02 22:25:48 [MainThread     ]   gameassetmanager.cpp:436   INFO| Start reading manifest SwordWeapon
2026-03-02 22:25:48 [MainThread     ]   gameassetmanager.cpp:489   INFO| Done reading manifest SwordWeapon
2026-03-02 22:25:48 [MainThread     ]   gameassetmanager.cpp:436   INFO| Start reading manifest ShieldWeapon
2026-03-02 22:25:48 [MainThread     ]   gameassetmanager.cpp:489   INFO| Done reading manifest ShieldWeapon
2026-03-02 22:25:48 [MainThread     ]   gameassetmanager.cpp:436   INFO| Start reading manifest BowWeapon
2026-03-02 22:25:48 [MainThread     ]   gameassetmanager.cpp:489   INFO| Done reading manifest BowWeapon
2026-03-02 22:25:48 [MainThread     ]  windowsfilesystem.cpp:209    ERR| Error opening file: Z:\home\aechewhy\Games\Hades\Content\Win\Packages\FistWeapon.pkg_manifest -- rb (error: No such file or directory)
2026-03-02 22:25:48 [MainThread     ]  windowsfilesystem.cpp:209    ERR| Error opening file: Z:\home\aechewhy\Games\Hades\Content\Win\Packages\GunWeapon.pkg_manifest -- rb (error: No such file or directory)
2026-03-02 22:25:48 [MainThread     ]  windowsfilesystem.cpp:209    ERR| Error opening file: Z:\home\aechewhy\Games\Hades\Content\Win\Packages\FistWeapon.pkg_manifest -- rb (error: No such file or directory)
2026-03-02 22:25:48 [GameAssetManagerLoadThread]   gameassetmanager.cpp:515   INFO| Loading package: SwordWeapon.pkg
2026-03-02 22:25:48 [GameAssetManagerLoadThread]   gameassetmanager.cpp:545   INFO| Package Loaded: SwordWeapon
2026-03-02 22:25:48 [MainThread     ]  windowsfilesystem.cpp:209    ERR| Error opening file: Z:\home\aechewhy\Games\Hades\Content\Win\Packages\GunWeapon.pkg_manifest -- rb (error: No such file or directory)
2026-03-02 22:25:48 [GameAssetManagerLoadThread]   gameassetmanager.cpp:515   INFO| Loading package: ShieldWeapon.pkg
2026-03-02 22:25:48 [GameAssetManagerLoadThread]   gameassetmanager.cpp:545   INFO| Package Loaded: ShieldWeapon
2026-03-02 22:25:48 [GameAssetManagerLoadThread]   gameassetmanager.cpp:515   INFO| Loading package: BowWeapon.pkg
2026-03-02 22:25:48 [GameAssetManagerLoadThread]   gameassetmanager.cpp:545   INFO| Package Loaded: BowWeapon
2026-03-02 22:25:48 [GameAssetManagerLoadThread]   gameassetmanager.cpp:515   INFO| Loading package: FistWeapon.pkg
2026-03-02 22:25:48 [GameAssetManagerLoadThread]  windowsfilesystem.cpp:209    ERR| Error opening file: Z:\home\aechewhy\Games\Hades\Content\Win\Packages\FistWeapon.pkg_manifest -- rb (error: No such file or directory)
2026-03-02 22:25:48 [GameAssetManagerLoadThread]  windowsfilesystem.cpp:209    ERR| Error opening file: Z:\home\aechewhy\Games\Hades\Content\Win\Packages\FistWeapon.pkg -- rb (error: No such file or directory)
2026-03-02 22:25:48 [GameAssetManagerLoadThread]   gameassetmanager.cpp:401    ERR| Package load failed FistWeapon.pkg
2026-03-02 22:25:48 [GameAssetManagerLoadThread]   gameassetmanager.cpp:545   INFO| Package Loaded: FistWeapon
2026-03-02 22:25:48 [GameAssetManagerLoadThread]   gameassetmanager.cpp:515   INFO| Loading package: GunWeapon.pkg
2026-03-02 22:25:48 [GameAssetManagerLoadThread]  windowsfilesystem.cpp:209    ERR| Error opening file: Z:\home\aechewhy\Games\Hades\Content\Win\Packages\GunWeapon.pkg_manifest -- rb (error: No such file or directory)
2026-03-02 22:25:48 [GameAssetManagerLoadThread]  windowsfilesystem.cpp:209    ERR| Error opening file: Z:\home\aechewhy\Games\Hades\Content\Win\Packages\GunWeapon.pkg -- rb (error: No such file or directory)
2026-03-02 22:25:48 [GameAssetManagerLoadThread]   gameassetmanager.cpp:401    ERR| Package load failed GunWeapon.pkg
2026-03-02 22:25:48 [GameAssetManagerLoadThread]   gameassetmanager.cpp:545   INFO| Package Loaded: GunWeapon
2026-03-02 22:25:49 [RenderThread   ]     rendercommands.cpp:625   INFO| Resetting RenderMesh Caches. ResetRequest: 1, BufferMaxLoad: 0.00
2026-03-02 22:26:08 [RenderThread   ]     rendercommands.cpp:625   INFO| Resetting RenderMesh Caches. ResetRequest: 0, BufferMaxLoad: 0.75
2026-03-02 22:26:10 [RenderThread   ]     rendercommands.cpp:625   INFO| Resetting RenderMesh Caches. ResetRequest: 0, BufferMaxLoad: 0.75
2026-03-02 22:26:10 [RenderThread   ]     rendercommands.cpp:625   INFO| Resetting RenderMesh Caches. ResetRequest: 0, BufferMaxLoad: 0.76
2026-03-02 22:26:11 [RenderThread   ]     rendercommands.cpp:625   INFO| Resetting RenderMesh Caches. ResetRequest: 0, BufferMaxLoad: 0.75
2026-03-02 22:26:32 [RenderThread   ]     rendercommands.cpp:625   INFO| Resetting RenderMesh Caches. ResetRequest: 0, BufferMaxLoad: 0.76
2026-03-02 22:26:34 [RenderThread   ]     rendercommands.cpp:625   INFO| Resetting RenderMesh Caches. ResetRequest: 0, BufferMaxLoad: 0.75
2026-03-02 22:26:36 [RenderThread   ]     rendercommands.cpp:625   INFO| Resetting RenderMesh Caches. ResetRequest: 0, BufferMaxLoad: 0.75
2026-03-02 22:26:37 [RenderThread   ]     rendercommands.cpp:625   INFO| Resetting RenderMesh Caches. ResetRequest: 0, BufferMaxLoad: 0.75
2026-03-02 22:27:14 [RenderThread   ]     rendercommands.cpp:625   INFO| Resetting RenderMesh Caches. ResetRequest: 0, BufferMaxLoad: 0.75
2026-03-02 22:27:21 [RenderThread   ]     rendercommands.cpp:625   INFO| Resetting RenderMesh Caches. ResetRequest: 0, BufferMaxLoad: 0.75
2026-03-02 22:27:34 [RenderThread   ]     rendercommands.cpp:625   INFO| Resetting RenderMesh Caches. ResetRequest: 0, BufferMaxLoad: 0.76
2026-03-02 22:27:34 [RenderThread   ]     rendercommands.cpp:625   INFO| Resetting RenderMesh Caches. ResetRequest: 0, BufferMaxLoad: 0.76
2026-03-02 22:27:34 [RenderThread   ]     rendercommands.cpp:625   INFO| Resetting RenderMesh Caches. ResetRequest: 0, BufferMaxLoad: 0.75
2026-03-02 22:27:37 [RenderThread   ]     rendercommands.cpp:625   INFO| Resetting RenderMesh Caches. ResetRequest: 0, BufferMaxLoad: 0.75
2026-03-02 22:27:39 [RenderThread   ]     rendercommands.cpp:625   INFO| Resetting RenderMesh Caches. ResetRequest: 0, BufferMaxLoad: 0.76
2026-03-02 22:27:39 [RenderThread   ]     rendercommands.cpp:625   INFO| Resetting RenderMesh Caches. ResetRequest: 0, BufferMaxLoad: 0.75
2026-03-02 22:27:40 [RenderThread   ]     rendercommands.cpp:625   INFO| Resetting RenderMesh Caches. ResetRequest: 0, BufferMaxLoad: 0.75
2026-03-02 22:27:52 [RenderThread   ]     rendercommands.cpp:625   INFO| Resetting RenderMesh Caches. ResetRequest: 0, BufferMaxLoad: 0.75
2026-03-02 22:28:10 [RenderThread   ]     rendercommands.cpp:625   INFO| Resetting RenderMesh Caches. ResetRequest: 0, BufferMaxLoad: 0.75
2026-03-02 22:28:21 [RenderThread   ]     rendercommands.cpp:625   INFO| Resetting RenderMesh Caches. ResetRequest: 0, BufferMaxLoad: 0.75
2026-03-02 22:28:22 [RenderThread   ]     rendercommands.cpp:625   INFO| Resetting RenderMesh Caches. ResetRequest: 0, BufferMaxLoad: 0.75
2026-03-02 22:28:25 [RenderThread   ]     rendercommands.cpp:625   INFO| Resetting RenderMesh Caches. ResetRequest: 0, BufferMaxLoad: 0.75
2026-03-02 22:28:25 [RenderThread   ]     rendercommands.cpp:625   INFO| Resetting RenderMesh Caches. ResetRequest: 0, BufferMaxLoad: 0.75
2026-03-02 22:28:26 [RenderThread   ]     rendercommands.cpp:625   INFO| Resetting RenderMesh Caches. ResetRequest: 0, BufferMaxLoad: 0.75
2026-03-02 22:28:27 [MainThread     ]              world.cpp:1526  INFO| World::Begin() RoomPreRun -> DeathAreaBedroom
2026-03-02 22:28:27 [MainThread     ]    progressmanager.cpp:936   INFO| Lua::Save() : 0.011967 s
2026-03-02 22:28:27 [MainThread     ]    progressmanager.cpp:916   INFO| GatherSaveData : 0.014684 s
2026-03-02 22:28:27 [MainThread     ]       audiomanager.cpp:1057   DBG| Skipped unloading map banks
2026-03-02 22:28:27 [NoName         ]     binarysavedata.cpp:17    INFO| Writing 564271 bytes
2026-03-02 22:28:28 [NoName         ]              world.cpp:1329  INFO| Loading next map: DeathAreaBedroom
2026-03-02 22:28:28 [NoName         ]              world.cpp:1370  INFO| PreScriptLoad
2026-03-02 22:28:28 [NoName         ]              world.cpp:1382  INFO| PreScriptLoad Done
2026-03-02 22:28:28 [NoName         ]              world.cpp:1398   DBG| load packages took 0.000006
2026-03-02 22:28:28 [NoName         ]              world.cpp:1420   DBG| loadScriptsTask Done 
2026-03-02 22:28:28 [NoName         ]              world.cpp:1424   DBG| Finished Asset Loading 
2026-03-02 22:28:28 [NoName         ]     binaryloaddata.cpp:12    INFO| Reading 93596 bytes
2026-03-02 22:28:28 [NoName         ]       audiomanager.cpp:1022   DBG| Loading map banks for: DeathAreaBedroom
2026-03-02 22:28:28 [NoName         ]       audiomanager.cpp:775    DBG| Loading bank: DeathArea.bank
2026-03-02 22:28:28 [NoName         ]       audiomanager.cpp:832    DBG| Already loaded :DeathArea.bank
2026-03-02 22:28:28 [NoName         ]              world.cpp:1360   DBG| Map Load took 0.079571
2026-03-02 22:28:28 [NoName         ]              world.cpp:1431   DBG| Calling PostLoad
2026-03-02 22:28:28 [NoName         ]              world.cpp:1433   DBG| Finished PostLaod
2026-03-02 22:28:28 [NoName         ]              world.cpp:1435   DBG| Finished Asset Loading 
2026-03-02 22:28:28 [NoName         ]              world.cpp:1440   DBG| end of postLoadTask
2026-03-02 22:28:28 [MainThread     ]   gameassetmanager.cpp:436   INFO| Start reading manifest ShieldThrow
2026-03-02 22:28:28 [MainThread     ]   gameassetmanager.cpp:489   INFO| Done reading manifest ShieldThrow
2026-03-02 22:28:28 [GameAssetManagerLoadThread]   gameassetmanager.cpp:515   INFO| Loading package: ShieldThrow.pkg
2026-03-02 22:28:28 [GameAssetManagerLoadThread]   gameassetmanager.cpp:545   INFO| Package Loaded: ShieldThrow
2026-03-02 22:28:28 [MainThread     ]   gameassetmanager.cpp:436   INFO| Start reading manifest ShieldWeapon
2026-03-02 22:28:28 [MainThread     ]   gameassetmanager.cpp:489   INFO| Done reading manifest ShieldWeapon
2026-03-02 22:28:28 [GameAssetManagerLoadThread]   gameassetmanager.cpp:515   INFO| Loading package: ShieldWeapon.pkg
2026-03-02 22:28:28 [GameAssetManagerLoadThread]   gameassetmanager.cpp:545   INFO| Package Loaded: ShieldWeapon
2026-03-02 22:28:28 [RenderThread   ]     rendercommands.cpp:625   INFO| Resetting RenderMesh Caches. ResetRequest: 1, BufferMaxLoad: 0.47
2026-03-02 22:28:45 [MainThread     ]              world.cpp:1526  INFO| World::Begin() DeathAreaBedroom -> RoomPreRun
2026-03-02 22:28:45 [MainThread     ]    progressmanager.cpp:936   INFO| Lua::Save() : 0.012218 s
2026-03-02 22:28:45 [MainThread     ]    progressmanager.cpp:916   INFO| GatherSaveData : 0.014861 s
2026-03-02 22:28:45 [MainThread     ]       audiomanager.cpp:1057   DBG| Skipped unloading map banks
2026-03-02 22:28:45 [NoName         ]     binarysavedata.cpp:17    INFO| Writing 550250 bytes
2026-03-02 22:28:45 [NoName         ]              world.cpp:1329  INFO| Loading next map: RoomPreRun
2026-03-02 22:28:45 [NoName         ]              world.cpp:1370  INFO| PreScriptLoad
2026-03-02 22:28:45 [NoName         ]              world.cpp:1382  INFO| PreScriptLoad Done
2026-03-02 22:28:45 [NoName         ]              world.cpp:1398   DBG| load packages took 0.000009
2026-03-02 22:28:45 [NoName         ]              world.cpp:1420   DBG| loadScriptsTask Done 
2026-03-02 22:28:45 [NoName         ]              world.cpp:1424   DBG| Finished Asset Loading 
2026-03-02 22:28:45 [NoName         ]     binaryloaddata.cpp:12    INFO| Reading 164312 bytes
2026-03-02 22:28:45 [NoName         ]       audiomanager.cpp:1022   DBG| Loading map banks for: RoomPreRun
2026-03-02 22:28:45 [NoName         ]       audiomanager.cpp:775    DBG| Loading bank: DeathArea.bank
2026-03-02 22:28:45 [NoName         ]       audiomanager.cpp:832    DBG| Already loaded :DeathArea.bank
2026-03-02 22:28:45 [NoName         ]              world.cpp:1360   DBG| Map Load took 0.086356
2026-03-02 22:28:45 [NoName         ]              world.cpp:1431   DBG| Calling PostLoad
2026-03-02 22:28:45 [NoName         ]              world.cpp:1433   DBG| Finished PostLaod
2026-03-02 22:28:45 [NoName         ]              world.cpp:1435   DBG| Finished Asset Loading 
2026-03-02 22:28:45 [NoName         ]              world.cpp:1440   DBG| end of postLoadTask
2026-03-02 22:28:45 [RenderThread   ]     rendercommands.cpp:625   INFO| Resetting RenderMesh Caches. ResetRequest: 1, BufferMaxLoad: 0.72
2026-03-02 22:28:52 [RenderThread   ]     rendercommands.cpp:625   INFO| Resetting RenderMesh Caches. ResetRequest: 0, BufferMaxLoad: 0.75
2026-03-02 22:29:03 [RenderThread   ]     rendercommands.cpp:625   INFO| Resetting RenderMesh Caches. ResetRequest: 0, BufferMaxLoad: 0.75
2026-03-02 22:29:05 [MainThread     ]              world.cpp:1526  INFO| World::Begin() RoomPreRun -> RoomOpening
2026-03-02 22:29:05 [MainThread     ]       audiomanager.cpp:1062   DBG| Unloading map banks
2026-03-02 22:29:05 [NoName         ]              world.cpp:1329  INFO| Loading next map: RoomOpening
2026-03-02 22:29:05 [NoName         ]              world.cpp:1370  INFO| PreScriptLoad
2026-03-02 22:29:05 [NoName         ]              world.cpp:1382  INFO| PreScriptLoad Done
2026-03-02 22:29:05 [NoName         ]   gameassetmanager.cpp:436   INFO| Start reading manifest Tartarus
2026-03-02 22:29:05 [NoName         ]   gameassetmanager.cpp:489   INFO| Done reading manifest Tartarus
2026-03-02 22:29:05 [NoName         ]              world.cpp:1398   DBG| load packages took 0.002112
2026-03-02 22:29:05 [NoName         ]              world.cpp:1420   DBG| loadScriptsTask Done 
2026-03-02 22:29:05 [NoName         ]              world.cpp:1424   DBG| Finished Asset Loading 
2026-03-02 22:29:05 [GameAssetManagerLoadThread]   gameassetmanager.cpp:515   INFO| Loading package: Tartarus.pkg
2026-03-02 22:29:05 [NoName         ]     binaryloaddata.cpp:12    INFO| Reading 169425 bytes
2026-03-02 22:29:05 [NoName         ]       audiomanager.cpp:1022   DBG| Loading map banks for: RoomOpening
2026-03-02 22:29:05 [NoName         ]       audiomanager.cpp:775    DBG| Loading bank: Tartarus.bank
2026-03-02 22:29:05 [NoName         ]              world.cpp:1360   DBG| Map Load took 0.051254
2026-03-02 22:29:05 [NoName         ]              world.cpp:1431   DBG| Calling PostLoad
2026-03-02 22:29:05 [GameAssetManagerLoadThread]   gameassetmanager.cpp:545   INFO| Package Loaded: Tartarus
2026-03-02 22:29:05 [NoName         ]   gameassetmanager.cpp:436   INFO| Start reading manifest Charts
2026-03-02 22:29:05 [NoName         ]   gameassetmanager.cpp:489   INFO| Done reading manifest Charts
2026-03-02 22:29:05 [GameAssetManagerLoadThread]   gameassetmanager.cpp:515   INFO| Loading package: Charts.pkg
2026-03-02 22:29:05 [NoName         ]              world.cpp:1433   DBG| Finished PostLaod
2026-03-02 22:29:05 [GameAssetManagerLoadThread]   gameassetmanager.cpp:545   INFO| Package Loaded: Charts
2026-03-02 22:29:05 [NoName         ]              world.cpp:1435   DBG| Finished Asset Loading 
2026-03-02 22:29:05 [NoName         ]              world.cpp:1440   DBG| end of postLoadTask
2026-03-02 22:29:06 [MainThread     ]   gameassetmanager.cpp:436   INFO| Start reading manifest ShieldThrow
2026-03-02 22:29:06 [MainThread     ]   gameassetmanager.cpp:489   INFO| Done reading manifest ShieldThrow
2026-03-02 22:29:06 [GameAssetManagerLoadThread]   gameassetmanager.cpp:515   INFO| Loading package: ShieldThrow.pkg
2026-03-02 22:29:06 [GameAssetManagerLoadThread]   gameassetmanager.cpp:545   INFO| Package Loaded: ShieldThrow
2026-03-02 22:29:06 [MainThread     ]   gameassetmanager.cpp:436   INFO| Start reading manifest ShieldWeapon
2026-03-02 22:29:06 [MainThread     ]   gameassetmanager.cpp:489   INFO| Done reading manifest ShieldWeapon
2026-03-02 22:29:06 [GameAssetManagerLoadThread]   gameassetmanager.cpp:515   INFO| Loading package: ShieldWeapon.pkg
2026-03-02 22:29:06 [GameAssetManagerLoadThread]   gameassetmanager.cpp:545   INFO| Package Loaded: ShieldWeapon
2026-03-02 22:29:06 [RenderThread   ]     rendercommands.cpp:625   INFO| Resetting RenderMesh Caches. ResetRequest: 1, BufferMaxLoad: 0.53
2026-03-02 22:29:14 [RenderThread   ]     rendercommands.cpp:625   INFO| Resetting RenderMesh Caches. ResetRequest: 0, BufferMaxLoad: 0.75
2026-03-02 22:29:17 [MainThread     ]   gameassetmanager.cpp:436   INFO| Start reading manifest AphroditeUpgrade
2026-03-02 22:29:17 [MainThread     ]   gameassetmanager.cpp:489   INFO| Done reading manifest AphroditeUpgrade
2026-03-02 22:29:17 [GameAssetManagerLoadThread]   gameassetmanager.cpp:515   INFO| Loading package: AphroditeUpgrade.pkg
2026-03-02 22:29:17 [NoName         ]     binarysavedata.cpp:17    INFO| Writing 9 bytes
2026-03-02 22:29:17 [GameAssetManagerLoadThread]   gameassetmanager.cpp:545   INFO| Package Loaded: AphroditeUpgrade
2026-03-02 22:29:21 [RenderThread   ]     rendercommands.cpp:625   INFO| Resetting RenderMesh Caches. ResetRequest: 0, BufferMaxLoad: 0.75
2026-03-02 22:29:25 [RenderThread   ]     rendercommands.cpp:625   INFO| Resetting RenderMesh Caches. ResetRequest: 0, BufferMaxLoad: 0.75
2026-03-02 22:29:26 [RenderThread   ]     rendercommands.cpp:625   INFO| Resetting RenderMesh Caches. ResetRequest: 0, BufferMaxLoad: 0.75
2026-03-02 22:29:26 [MainThread     ]    progressmanager.cpp:936   INFO| Lua::Save() : 0.015345 s
2026-03-02 22:29:26 [MainThread     ]    progressmanager.cpp:916   INFO| GatherSaveData : 0.017987 s
2026-03-02 22:29:26 [NoName         ]     binarysavedata.cpp:17    INFO| Writing 539047 bytes
2026-03-02 22:29:26 [NoName         ]     binarysavedata.cpp:17    INFO| Writing 9 bytes
2026-03-02 22:29:29 [NoName         ]     binarysavedata.cpp:17    INFO| Writing 9 bytes
2026-03-02 22:29:29 [MainThread     ]              world.cpp:1526  INFO| World::Begin() RoomOpening -> A_Combat01
2026-03-02 22:29:29 [MainThread     ]    progressmanager.cpp:936   INFO| Lua::Save() : 0.011585 s
2026-03-02 22:29:29 [MainThread     ]    progressmanager.cpp:916   INFO| GatherSaveData : 0.014218 s
2026-03-02 22:29:29 [MainThread     ]       audiomanager.cpp:1057   DBG| Skipped unloading map banks
2026-03-02 22:29:29 [NoName         ]     binarysavedata.cpp:17    INFO| Writing 541886 bytes
2026-03-02 22:29:29 [NoName         ]              world.cpp:1329  INFO| Loading next map: A_Combat01
2026-03-02 22:29:29 [NoName         ]              world.cpp:1370  INFO| PreScriptLoad
2026-03-02 22:29:29 [NoName         ]              world.cpp:1382  INFO| PreScriptLoad Done
2026-03-02 22:29:29 [NoName         ]              world.cpp:1398   DBG| load packages took 0.000006
2026-03-02 22:29:29 [NoName         ]              world.cpp:1420   DBG| loadScriptsTask Done 
2026-03-02 22:29:29 [NoName         ]              world.cpp:1424   DBG| Finished Asset Loading 
2026-03-02 22:29:29 [NoName         ]     binaryloaddata.cpp:12    INFO| Reading 140525 bytes
2026-03-02 22:29:29 [NoName         ]       audiomanager.cpp:1022   DBG| Loading map banks for: A_Combat01
2026-03-02 22:29:29 [NoName         ]       audiomanager.cpp:775    DBG| Loading bank: Tartarus.bank
2026-03-02 22:29:30 [NoName         ]       audiomanager.cpp:832    DBG| Already loaded :Tartarus.bank
2026-03-02 22:29:30 [NoName         ]              world.cpp:1360   DBG| Map Load took 0.069623
2026-03-02 22:29:30 [NoName         ]              world.cpp:1431   DBG| Calling PostLoad
2026-03-02 22:29:30 [NoName         ]              world.cpp:1433   DBG| Finished PostLaod
2026-03-02 22:29:30 [NoName         ]              world.cpp:1435   DBG| Finished Asset Loading 
2026-03-02 22:29:30 [NoName         ]              world.cpp:1440   DBG| end of postLoadTask
2026-03-02 22:29:30 [RenderThread   ]     rendercommands.cpp:625   INFO| Resetting RenderMesh Caches. ResetRequest: 1, BufferMaxLoad: 0.46
2026-03-02 22:29:45 [RenderThread   ]     rendercommands.cpp:625   INFO| Resetting RenderMesh Caches. ResetRequest: 0, BufferMaxLoad: 0.75
2026-03-02 22:29:46 [RenderThread   ]     rendercommands.cpp:625   INFO| Resetting RenderMesh Caches. ResetRequest: 0, BufferMaxLoad: 0.75
2026-03-02 22:29:47 [MainThread     ]    progressmanager.cpp:936   INFO| Lua::Save() : 0.011795 s
2026-03-02 22:29:47 [MainThread     ]    progressmanager.cpp:916   INFO| GatherSaveData : 0.014455 s
2026-03-02 22:29:47 [NoName         ]     binarysavedata.cpp:17    INFO| Writing 545608 bytes
2026-03-02 22:29:47 [NoName         ]     binarysavedata.cpp:17    INFO| Writing 9 bytes
2026-03-02 22:29:49 [RenderThread   ]     rendercommands.cpp:625   INFO| Resetting RenderMesh Caches. ResetRequest: 0, BufferMaxLoad: 0.75
2026-03-02 22:29:51 [NoName         ]     binarysavedata.cpp:17    INFO| Writing 9 bytes
2026-03-02 22:29:51 [MainThread     ]              world.cpp:1526  INFO| World::Begin() A_Combat01 -> A_Combat19
2026-03-02 22:29:51 [MainThread     ]    progressmanager.cpp:936   INFO| Lua::Save() : 0.011575 s
2026-03-02 22:29:51 [MainThread     ]    progressmanager.cpp:916   INFO| GatherSaveData : 0.014184 s
2026-03-02 22:29:51 [MainThread     ]       audiomanager.cpp:1057   DBG| Skipped unloading map banks
2026-03-02 22:29:51 [NoName         ]     binarysavedata.cpp:17    INFO| Writing 541796 bytes
2026-03-02 22:29:51 [NoName         ]              world.cpp:1329  INFO| Loading next map: A_Combat19
2026-03-02 22:29:51 [NoName         ]              world.cpp:1370  INFO| PreScriptLoad
2026-03-02 22:29:51 [NoName         ]              world.cpp:1382  INFO| PreScriptLoad Done
2026-03-02 22:29:51 [NoName         ]              world.cpp:1398   DBG| load packages took 0.000006
2026-03-02 22:29:51 [NoName         ]              world.cpp:1420   DBG| loadScriptsTask Done 
2026-03-02 22:29:51 [NoName         ]              world.cpp:1424   DBG| Finished Asset Loading 
2026-03-02 22:29:51 [NoName         ]     binaryloaddata.cpp:12    INFO| Reading 131488 bytes
2026-03-02 22:29:51 [NoName         ]       audiomanager.cpp:1022   DBG| Loading map banks for: A_Combat19
2026-03-02 22:29:51 [NoName         ]       audiomanager.cpp:775    DBG| Loading bank: Tartarus.bank
2026-03-02 22:29:51 [NoName         ]       audiomanager.cpp:832    DBG| Already loaded :Tartarus.bank
2026-03-02 22:29:51 [NoName         ]              world.cpp:1360   DBG| Map Load took 0.092473
2026-03-02 22:29:51 [NoName         ]              world.cpp:1431   DBG| Calling PostLoad
2026-03-02 22:29:51 [NoName         ]              world.cpp:1433   DBG| Finished PostLaod
2026-03-02 22:29:51 [NoName         ]              world.cpp:1435   DBG| Finished Asset Loading 
2026-03-02 22:29:51 [NoName         ]              world.cpp:1440   DBG| end of postLoadTask
2026-03-02 22:29:51 [RenderThread   ]     rendercommands.cpp:625   INFO| Resetting RenderMesh Caches. ResetRequest: 1, BufferMaxLoad: 0.15
2026-03-02 22:30:09 [RenderThread   ]     rendercommands.cpp:625   INFO| Resetting RenderMesh Caches. ResetRequest: 0, BufferMaxLoad: 0.75
2026-03-02 22:30:10 [RenderThread   ]     rendercommands.cpp:625   INFO| Resetting RenderMesh Caches. ResetRequest: 0, BufferMaxLoad: 0.75
2026-03-02 22:30:14 [MainThread     ]    progressmanager.cpp:936   INFO| Lua::Save() : 0.012135 s
2026-03-02 22:30:14 [MainThread     ]    progressmanager.cpp:916   INFO| GatherSaveData : 0.014802 s
2026-03-02 22:30:14 [NoName         ]     binarysavedata.cpp:17    INFO| Writing 543369 bytes
2026-03-02 22:30:14 [NoName         ]     binarysavedata.cpp:17    INFO| Writing 9 bytes
2026-03-02 22:30:15 [MainThread     ]  windowsfilesystem.cpp:209    ERR| Error opening file: Z:\home\aechewhy\Games\Hades\Content\Game\PauseScreen.sjson -- rb (error: No such file or directory)
2026-03-02 22:30:15 [MainThread     ]              world.cpp:1593  INFO| World::Stop()
2026-03-02 22:30:22 [NoName         ]     binarysavedata.cpp:17    INFO| Writing 9 bytes
2026-03-02 22:30:22 [MainThread     ]              world.cpp:1526  INFO| World::Begin() A_Combat19 -> A_Combat03
2026-03-02 22:30:22 [MainThread     ]    progressmanager.cpp:936   INFO| Lua::Save() : 0.012014 s
2026-03-02 22:30:22 [MainThread     ]    progressmanager.cpp:916   INFO| GatherSaveData : 0.014621 s
2026-03-02 22:30:22 [MainThread     ]       audiomanager.cpp:1057   DBG| Skipped unloading map banks
2026-03-02 22:30:22 [NoName         ]     binarysavedata.cpp:17    INFO| Writing 543672 bytes
2026-03-02 22:30:22 [NoName         ]              world.cpp:1329  INFO| Loading next map: A_Combat03
2026-03-02 22:30:22 [NoName         ]              world.cpp:1370  INFO| PreScriptLoad
2026-03-02 22:30:22 [NoName         ]              world.cpp:1382  INFO| PreScriptLoad Done
2026-03-02 22:30:22 [NoName         ]              world.cpp:1398   DBG| load packages took 0.000006
2026-03-02 22:30:22 [NoName         ]              world.cpp:1420   DBG| loadScriptsTask Done 
2026-03-02 22:30:22 [NoName         ]              world.cpp:1424   DBG| Finished Asset Loading 
2026-03-02 22:30:22 [NoName         ]     binaryloaddata.cpp:12    INFO| Reading 295602 bytes
2026-03-02 22:30:22 [NoName         ]       audiomanager.cpp:1022   DBG| Loading map banks for: A_Combat03
2026-03-02 22:30:22 [NoName         ]       audiomanager.cpp:775    DBG| Loading bank: Tartarus.bank
2026-03-02 22:30:22 [NoName         ]       audiomanager.cpp:832    DBG| Already loaded :Tartarus.bank
2026-03-02 22:30:22 [NoName         ]              world.cpp:1360   DBG| Map Load took 0.077241
2026-03-02 22:30:22 [NoName         ]              world.cpp:1431   DBG| Calling PostLoad
2026-03-02 22:30:22 [NoName         ]              world.cpp:1433   DBG| Finished PostLaod
2026-03-02 22:30:22 [NoName         ]              world.cpp:1435   DBG| Finished Asset Loading 
2026-03-02 22:30:22 [NoName         ]              world.cpp:1440   DBG| end of postLoadTask
2026-03-02 22:30:22 [RenderThread   ]     rendercommands.cpp:625   INFO| Resetting RenderMesh Caches. ResetRequest: 1, BufferMaxLoad: 0.71
2026-03-02 22:30:29 [RenderThread   ]     rendercommands.cpp:625   INFO| Resetting RenderMesh Caches. ResetRequest: 0, BufferMaxLoad: 0.75
2026-03-02 22:30:46 [RenderThread   ]     rendercommands.cpp:625   INFO| Resetting RenderMesh Caches. ResetRequest: 0, BufferMaxLoad: 0.75
2026-03-02 22:30:47 [NoName         ]     binarysavedata.cpp:17    INFO| Writing 9 bytes
2026-03-02 22:30:49 [MainThread     ]    progressmanager.cpp:936   INFO| Lua::Save() : 0.012796 s
2026-03-02 22:30:49 [MainThread     ]    progressmanager.cpp:916   INFO| GatherSaveData : 0.015465 s
2026-03-02 22:30:49 [NoName         ]     binarysavedata.cpp:17    INFO| Writing 544379 bytes
2026-03-02 22:30:49 [NoName         ]     binarysavedata.cpp:17    INFO| Writing 9 bytes
2026-03-02 22:30:50 [RenderThread   ]     rendercommands.cpp:625   INFO| Resetting RenderMesh Caches. ResetRequest: 0, BufferMaxLoad: 0.75
2026-03-02 22:30:52 [NoName         ]     binarysavedata.cpp:17    INFO| Writing 9 bytes
2026-03-02 22:30:52 [MainThread     ]              world.cpp:1526  INFO| World::Begin() A_Combat03 -> A_Combat02
2026-03-02 22:30:52 [MainThread     ]    progressmanager.cpp:936   INFO| Lua::Save() : 0.012441 s
2026-03-02 22:30:52 [MainThread     ]    progressmanager.cpp:916   INFO| GatherSaveData : 0.015078 s
2026-03-02 22:30:52 [MainThread     ]       audiomanager.cpp:1057   DBG| Skipped unloading map banks
2026-03-02 22:30:52 [NoName         ]     binarysavedata.cpp:17    INFO| Writing 544652 bytes
2026-03-02 22:30:52 [NoName         ]              world.cpp:1329  INFO| Loading next map: A_Combat02
2026-03-02 22:30:52 [NoName         ]              world.cpp:1370  INFO| PreScriptLoad
2026-03-02 22:30:52 [NoName         ]              world.cpp:1382  INFO| PreScriptLoad Done
2026-03-02 22:30:52 [NoName         ]              world.cpp:1398   DBG| load packages took 0.000006
2026-03-02 22:30:52 [NoName         ]              world.cpp:1420   DBG| loadScriptsTask Done 
2026-03-02 22:30:52 [NoName         ]              world.cpp:1424   DBG| Finished Asset Loading 
2026-03-02 22:30:52 [NoName         ]     binaryloaddata.cpp:12    INFO| Reading 168017 bytes
2026-03-02 22:30:52 [NoName         ]       audiomanager.cpp:1022   DBG| Loading map banks for: A_Combat02
2026-03-02 22:30:52 [NoName         ]       audiomanager.cpp:775    DBG| Loading bank: Tartarus.bank
2026-03-02 22:30:52 [NoName         ]       audiomanager.cpp:832    DBG| Already loaded :Tartarus.bank
2026-03-02 22:30:52 [NoName         ]              world.cpp:1360   DBG| Map Load took 0.092240
2026-03-02 22:30:52 [NoName         ]              world.cpp:1431   DBG| Calling PostLoad
2026-03-02 22:30:52 [NoName         ]              world.cpp:1433   DBG| Finished PostLaod
2026-03-02 22:30:52 [NoName         ]              world.cpp:1435   DBG| Finished Asset Loading 
2026-03-02 22:30:52 [NoName         ]              world.cpp:1440   DBG| end of postLoadTask
2026-03-02 22:30:52 [RenderThread   ]     rendercommands.cpp:625   INFO| Resetting RenderMesh Caches. ResetRequest: 1, BufferMaxLoad: 0.07
2026-03-02 22:31:15 [RenderThread   ]     rendercommands.cpp:625   INFO| Resetting RenderMesh Caches. ResetRequest: 0, BufferMaxLoad: 0.75
2026-03-02 22:31:22 [RenderThread   ]     rendercommands.cpp:625   INFO| Resetting RenderMesh Caches. ResetRequest: 0, BufferMaxLoad: 0.75
2026-03-02 22:31:24 [MainThread     ]    progressmanager.cpp:936   INFO| Lua::Save() : 0.011972 s
2026-03-02 22:31:24 [MainThread     ]    progressmanager.cpp:916   INFO| GatherSaveData : 0.014652 s
2026-03-02 22:31:24 [NoName         ]     binarysavedata.cpp:17    INFO| Writing 545775 bytes
2026-03-02 22:31:24 [NoName         ]     binarysavedata.cpp:17    INFO| Writing 9 bytes
2026-03-02 22:31:25 [MainThread     ]  windowsfilesystem.cpp:209    ERR| Error opening file: Z:\home\aechewhy\Games\Hades\Content\Game\PauseScreen.sjson -- rb (error: No such file or directory)
2026-03-02 22:31:25 [MainThread     ]              world.cpp:1593  INFO| World::Stop()
2026-03-02 22:31:26 [RenderThread   ]     rendercommands.cpp:625   INFO| Resetting RenderMesh Caches. ResetRequest: 0, BufferMaxLoad: 0.75
2026-03-02 22:31:28 [MainThread     ]              world.cpp:1526  INFO| World::Begin() A_Combat02 -> A_Combat10
2026-03-02 22:31:28 [NoName         ]     binarysavedata.cpp:17    INFO| Writing 9 bytes
2026-03-02 22:31:28 [MainThread     ]    progressmanager.cpp:936   INFO| Lua::Save() : 0.012876 s
2026-03-02 22:31:28 [MainThread     ]    progressmanager.cpp:916   INFO| GatherSaveData : 0.015522 s
2026-03-02 22:31:28 [MainThread     ]       audiomanager.cpp:1057   DBG| Skipped unloading map banks
2026-03-02 22:31:28 [NoName         ]     binarysavedata.cpp:17    INFO| Writing 545698 bytes
2026-03-02 22:31:28 [NoName         ]              world.cpp:1329  INFO| Loading next map: A_Combat10
2026-03-02 22:31:28 [NoName         ]              world.cpp:1370  INFO| PreScriptLoad
2026-03-02 22:31:28 [NoName         ]              world.cpp:1382  INFO| PreScriptLoad Done
2026-03-02 22:31:28 [NoName         ]              world.cpp:1398   DBG| load packages took 0.000006
2026-03-02 22:31:28 [NoName         ]              world.cpp:1420   DBG| loadScriptsTask Done 
2026-03-02 22:31:28 [NoName         ]              world.cpp:1424   DBG| Finished Asset Loading 
2026-03-02 22:31:28 [NoName         ]     binaryloaddata.cpp:12    INFO| Reading 143512 bytes
2026-03-02 22:31:28 [NoName         ]       audiomanager.cpp:1022   DBG| Loading map banks for: A_Combat10
2026-03-02 22:31:28 [NoName         ]       audiomanager.cpp:775    DBG| Loading bank: Tartarus.bank
2026-03-02 22:31:28 [NoName         ]       audiomanager.cpp:832    DBG| Already loaded :Tartarus.bank
2026-03-02 22:31:28 [NoName         ]              world.cpp:1360   DBG| Map Load took 0.074041
2026-03-02 22:31:28 [NoName         ]              world.cpp:1431   DBG| Calling PostLoad
2026-03-02 22:31:28 [NoName         ]              world.cpp:1433   DBG| Finished PostLaod
2026-03-02 22:31:28 [NoName         ]              world.cpp:1435   DBG| Finished Asset Loading 
2026-03-02 22:31:28 [NoName         ]              world.cpp:1440   DBG| end of postLoadTask
2026-03-02 22:31:28 [RenderThread   ]     rendercommands.cpp:625   INFO| Resetting RenderMesh Caches. ResetRequest: 1, BufferMaxLoad: 0.32
2026-03-02 22:31:34 [NoName         ]     binarysavedata.cpp:17    INFO| Writing 9 bytes
2026-03-02 22:31:41 [RenderThread   ]     rendercommands.cpp:625   INFO| Resetting RenderMesh Caches. ResetRequest: 0, BufferMaxLoad: 0.75
2026-03-02 22:31:55 [RenderThread   ]     rendercommands.cpp:625   INFO| Resetting RenderMesh Caches. ResetRequest: 0, BufferMaxLoad: 0.75
2026-03-02 22:31:57 [MainThread     ]    progressmanager.cpp:936   INFO| Lua::Save() : 0.014013 s
2026-03-02 22:31:57 [MainThread     ]    progressmanager.cpp:916   INFO| GatherSaveData : 0.016680 s
2026-03-02 22:31:57 [NoName         ]     binarysavedata.cpp:17    INFO| Writing 548998 bytes
2026-03-02 22:31:57 [NoName         ]     binarysavedata.cpp:17    INFO| Writing 9 bytes
2026-03-02 22:31:58 [MainThread     ]  windowsfilesystem.cpp:209    ERR| Error opening file: Z:\home\aechewhy\Games\Hades\Content\Game\PauseScreen.sjson -- rb (error: No such file or directory)
2026-03-02 22:31:58 [MainThread     ]              world.cpp:1593  INFO| World::Stop()
2026-03-02 22:32:01 [RenderThread   ]     rendercommands.cpp:625   INFO| Resetting RenderMesh Caches. ResetRequest: 0, BufferMaxLoad: 0.75
2026-03-02 22:32:03 [NoName         ]     binarysavedata.cpp:17    INFO| Writing 9 bytes
2026-03-02 22:32:03 [MainThread     ]              world.cpp:1526  INFO| World::Begin() A_Combat10 -> A_MiniBoss04
2026-03-02 22:32:03 [MainThread     ]    progressmanager.cpp:936   INFO| Lua::Save() : 0.013130 s
2026-03-02 22:32:03 [MainThread     ]    progressmanager.cpp:916   INFO| GatherSaveData : 0.015808 s
2026-03-02 22:32:03 [MainThread     ]       audiomanager.cpp:1057   DBG| Skipped unloading map banks
2026-03-02 22:32:03 [NoName         ]     binarysavedata.cpp:17    INFO| Writing 548954 bytes
2026-03-02 22:32:03 [NoName         ]              world.cpp:1370  INFO| PreScriptLoad
2026-03-02 22:32:03 [NoName         ]              world.cpp:1329  INFO| Loading next map: A_MiniBoss04
2026-03-02 22:32:03 [NoName         ]              world.cpp:1382  INFO| PreScriptLoad Done
2026-03-02 22:32:03 [NoName         ]              world.cpp:1398   DBG| load packages took 0.000006
2026-03-02 22:32:03 [NoName         ]              world.cpp:1420   DBG| loadScriptsTask Done 
2026-03-02 22:32:03 [NoName         ]              world.cpp:1424   DBG| Finished Asset Loading 
2026-03-02 22:32:03 [NoName         ]     binaryloaddata.cpp:12    INFO| Reading 193713 bytes
2026-03-02 22:32:03 [NoName         ]       audiomanager.cpp:1022   DBG| Loading map banks for: A_MiniBoss04
2026-03-02 22:32:03 [NoName         ]       audiomanager.cpp:775    DBG| Loading bank: Tartarus.bank
2026-03-02 22:32:03 [NoName         ]       audiomanager.cpp:832    DBG| Already loaded :Tartarus.bank
2026-03-02 22:32:03 [NoName         ]              world.cpp:1360   DBG| Map Load took 0.079189
2026-03-02 22:32:03 [NoName         ]              world.cpp:1431   DBG| Calling PostLoad
2026-03-02 22:32:03 [NoName         ]              world.cpp:1433   DBG| Finished PostLaod
2026-03-02 22:32:03 [NoName         ]              world.cpp:1435   DBG| Finished Asset Loading 
2026-03-02 22:32:03 [NoName         ]              world.cpp:1440   DBG| end of postLoadTask
2026-03-02 22:32:04 [RenderThread   ]     rendercommands.cpp:625   INFO| Resetting RenderMesh Caches. ResetRequest: 1, BufferMaxLoad: 0.39
2026-03-02 22:32:07 [RenderThread   ]     rendercommands.cpp:625   INFO| Resetting RenderMesh Caches. ResetRequest: 0, BufferMaxLoad: 0.75
2026-03-02 22:32:10 [NoName         ]     binarysavedata.cpp:17    INFO| Writing 9 bytes
2026-03-02 22:32:18 [RenderThread   ]     rendercommands.cpp:625   INFO| Resetting RenderMesh Caches. ResetRequest: 0, BufferMaxLoad: 0.75
2026-03-02 22:32:27 [RenderThread   ]     rendercommands.cpp:625   INFO| Resetting RenderMesh Caches. ResetRequest: 0, BufferMaxLoad: 0.75
2026-03-02 22:32:36 [RenderThread   ]     rendercommands.cpp:625   INFO| Resetting RenderMesh Caches. ResetRequest: 0, BufferMaxLoad: 0.75
2026-03-02 22:32:37 [RenderThread   ]     rendercommands.cpp:625   INFO| Resetting RenderMesh Caches. ResetRequest: 0, BufferMaxLoad: 0.75
2026-03-02 22:32:41 [RenderThread   ]     rendercommands.cpp:625   INFO| Resetting RenderMesh Caches. ResetRequest: 0, BufferMaxLoad: 0.75
2026-03-02 22:32:42 [MainThread     ]   gameassetmanager.cpp:436   INFO| Start reading manifest DemeterUpgrade
2026-03-02 22:32:42 [MainThread     ]   gameassetmanager.cpp:489   INFO| Done reading manifest DemeterUpgrade
2026-03-02 22:32:42 [GameAssetManagerLoadThread]   gameassetmanager.cpp:515   INFO| Loading package: DemeterUpgrade.pkg
2026-03-02 22:32:42 [GameAssetManagerLoadThread]   gameassetmanager.cpp:545   INFO| Package Loaded: DemeterUpgrade
2026-03-02 22:32:42 [RenderThread   ]     rendercommands.cpp:625   INFO| Resetting RenderMesh Caches. ResetRequest: 0, BufferMaxLoad: 0.75
2026-03-02 22:32:48 [MainThread     ]    progressmanager.cpp:936   INFO| Lua::Save() : 0.014348 s
2026-03-02 22:32:48 [MainThread     ]    progressmanager.cpp:916   INFO| GatherSaveData : 0.017075 s
2026-03-02 22:32:48 [NoName         ]     binarysavedata.cpp:17    INFO| Writing 551417 bytes
2026-03-02 22:32:48 [NoName         ]     binarysavedata.cpp:17    INFO| Writing 9 bytes
2026-03-02 22:32:51 [NoName         ]     binarysavedata.cpp:17    INFO| Writing 9 bytes
2026-03-02 22:32:51 [MainThread     ]              world.cpp:1526  INFO| World::Begin() A_MiniBoss04 -> A_Combat24
2026-03-02 22:32:51 [MainThread     ]    progressmanager.cpp:936   INFO| Lua::Save() : 0.012983 s
2026-03-02 22:32:51 [MainThread     ]    progressmanager.cpp:916   INFO| GatherSaveData : 0.015683 s
2026-03-02 22:32:51 [MainThread     ]       audiomanager.cpp:1057   DBG| Skipped unloading map banks
2026-03-02 22:32:51 [NoName         ]     binarysavedata.cpp:17    INFO| Writing 551619 bytes
2026-03-02 22:32:51 [NoName         ]              world.cpp:1329  INFO| Loading next map: A_Combat24
2026-03-02 22:32:51 [NoName         ]              world.cpp:1370  INFO| PreScriptLoad
2026-03-02 22:32:51 [NoName         ]              world.cpp:1382  INFO| PreScriptLoad Done
2026-03-02 22:32:51 [NoName         ]              world.cpp:1398   DBG| load packages took 0.000005
2026-03-02 22:32:51 [NoName         ]              world.cpp:1420   DBG| loadScriptsTask Done 
2026-03-02 22:32:51 [NoName         ]              world.cpp:1424   DBG| Finished Asset Loading 
2026-03-02 22:32:51 [NoName         ]     binaryloaddata.cpp:12    INFO| Reading 166264 bytes
2026-03-02 22:32:51 [NoName         ]       audiomanager.cpp:1022   DBG| Loading map banks for: A_Combat24
2026-03-02 22:32:51 [NoName         ]       audiomanager.cpp:775    DBG| Loading bank: Tartarus.bank
2026-03-02 22:32:51 [NoName         ]       audiomanager.cpp:832    DBG| Already loaded :Tartarus.bank
2026-03-02 22:32:51 [NoName         ]              world.cpp:1360   DBG| Map Load took 0.079358
2026-03-02 22:32:51 [NoName         ]              world.cpp:1431   DBG| Calling PostLoad
2026-03-02 22:32:51 [NoName         ]              world.cpp:1433   DBG| Finished PostLaod
2026-03-02 22:32:51 [NoName         ]              world.cpp:1435   DBG| Finished Asset Loading 
2026-03-02 22:32:51 [NoName         ]              world.cpp:1440   DBG| end of postLoadTask
2026-03-02 22:32:52 [RenderThread   ]     rendercommands.cpp:625   INFO| Resetting RenderMesh Caches. ResetRequest: 1, BufferMaxLoad: 0.64
2026-03-02 22:32:57 [RenderThread   ]     rendercommands.cpp:625   INFO| Resetting RenderMesh Caches. ResetRequest: 0, BufferMaxLoad: 0.75
2026-03-02 22:33:00 [NoName         ]     binarysavedata.cpp:17    INFO| Writing 9 bytes
2026-03-02 22:33:12 [RenderThread   ]     rendercommands.cpp:625   INFO| Resetting RenderMesh Caches. ResetRequest: 0, BufferMaxLoad: 0.75
2026-03-02 22:33:17 [RenderThread   ]     rendercommands.cpp:625   INFO| Resetting RenderMesh Caches. ResetRequest: 0, BufferMaxLoad: 0.75
2026-03-02 22:33:30 [MainThread     ]    progressmanager.cpp:936   INFO| Lua::Save() : 0.012655 s
2026-03-02 22:33:30 [MainThread     ]    progressmanager.cpp:916   INFO| GatherSaveData : 0.015397 s
2026-03-02 22:33:30 [NoName         ]     binarysavedata.cpp:17    INFO| Writing 556624 bytes
2026-03-02 22:33:30 [NoName         ]     binarysavedata.cpp:17    INFO| Writing 9 bytes
2026-03-02 22:33:31 [RenderThread   ]     rendercommands.cpp:625   INFO| Resetting RenderMesh Caches. ResetRequest: 0, BufferMaxLoad: 0.75
2026-03-02 22:33:33 [NoName         ]     binarysavedata.cpp:17    INFO| Writing 9 bytes
2026-03-02 22:33:33 [MainThread     ]              world.cpp:1526  INFO| World::Begin() A_Combat24 -> A_Combat14
2026-03-02 22:33:33 [MainThread     ]    progressmanager.cpp:936   INFO| Lua::Save() : 0.014362 s
2026-03-02 22:33:33 [MainThread     ]    progressmanager.cpp:916   INFO| GatherSaveData : 0.017092 s
2026-03-02 22:33:33 [MainThread     ]       audiomanager.cpp:1057   DBG| Skipped unloading map banks
2026-03-02 22:33:33 [NoName         ]     binarysavedata.cpp:17    INFO| Writing 557285 bytes
2026-03-02 22:33:33 [NoName         ]              world.cpp:1329  INFO| Loading next map: A_Combat14
2026-03-02 22:33:33 [NoName         ]              world.cpp:1370  INFO| PreScriptLoad
2026-03-02 22:33:33 [NoName         ]              world.cpp:1382  INFO| PreScriptLoad Done
2026-03-02 22:33:33 [NoName         ]              world.cpp:1398   DBG| load packages took 0.000005
2026-03-02 22:33:33 [NoName         ]              world.cpp:1420   DBG| loadScriptsTask Done 
2026-03-02 22:33:33 [NoName         ]              world.cpp:1424   DBG| Finished Asset Loading 
2026-03-02 22:33:33 [NoName         ]     binaryloaddata.cpp:12    INFO| Reading 289892 bytes
2026-03-02 22:33:33 [NoName         ]       audiomanager.cpp:1022   DBG| Loading map banks for: A_Combat14
2026-03-02 22:33:33 [NoName         ]       audiomanager.cpp:775    DBG| Loading bank: Tartarus.bank
2026-03-02 22:33:33 [NoName         ]       audiomanager.cpp:832    DBG| Already loaded :Tartarus.bank
2026-03-02 22:33:33 [NoName         ]              world.cpp:1360   DBG| Map Load took 0.072043
2026-03-02 22:33:33 [NoName         ]              world.cpp:1431   DBG| Calling PostLoad
2026-03-02 22:33:33 [NoName         ]              world.cpp:1433   DBG| Finished PostLaod
2026-03-02 22:33:33 [NoName         ]              world.cpp:1435   DBG| Finished Asset Loading 
2026-03-02 22:33:33 [NoName         ]              world.cpp:1440   DBG| end of postLoadTask
2026-03-02 22:33:33 [RenderThread   ]     rendercommands.cpp:625   INFO| Resetting RenderMesh Caches. ResetRequest: 1, BufferMaxLoad: 0.30
2026-03-02 22:33:36 [RenderThread   ]     rendercommands.cpp:625   INFO| Resetting RenderMesh Caches. ResetRequest: 0, BufferMaxLoad: 0.75
2026-03-02 22:33:39 [NoName         ]     binarysavedata.cpp:17    INFO| Writing 9 bytes
2026-03-02 22:33:42 [RenderThread   ]     rendercommands.cpp:625   INFO| Resetting RenderMesh Caches. ResetRequest: 0, BufferMaxLoad: 0.75
2026-03-02 22:33:47 [RenderThread   ]     rendercommands.cpp:625   INFO| Resetting RenderMesh Caches. ResetRequest: 0, BufferMaxLoad: 0.75
2026-03-02 22:33:59 [RenderThread   ]     rendercommands.cpp:625   INFO| Resetting RenderMesh Caches. ResetRequest: 0, BufferMaxLoad: 0.75
2026-03-02 22:34:14 [RenderThread   ]     rendercommands.cpp:625   INFO| Resetting RenderMesh Caches. ResetRequest: 0, BufferMaxLoad: 0.75
2026-03-02 22:34:15 [RenderThread   ]     rendercommands.cpp:625   INFO| Resetting RenderMesh Caches. ResetRequest: 0, BufferMaxLoad: 0.75
2026-03-02 22:34:19 [RenderThread   ]     rendercommands.cpp:625   INFO| Resetting RenderMesh Caches. ResetRequest: 0, BufferMaxLoad: 0.75
2026-03-02 22:34:24 [MainThread     ]    progressmanager.cpp:936   INFO| Lua::Save() : 0.014030 s
2026-03-02 22:34:24 [MainThread     ]    progressmanager.cpp:916   INFO| GatherSaveData : 0.016842 s
2026-03-02 22:34:24 [NoName         ]     binarysavedata.cpp:17    INFO| Writing 568782 bytes
2026-03-02 22:34:24 [NoName         ]     binarysavedata.cpp:17    INFO| Writing 9 bytes
2026-03-02 22:34:27 [RenderThread   ]     rendercommands.cpp:625   INFO| Resetting RenderMesh Caches. ResetRequest: 0, BufferMaxLoad: 0.75
2026-03-02 22:34:29 [NoName         ]     binarysavedata.cpp:17    INFO| Writing 9 bytes
2026-03-02 22:34:29 [MainThread     ]              world.cpp:1526  INFO| World::Begin() A_Combat14 -> A_Combat07
2026-03-02 22:34:29 [MainThread     ]    progressmanager.cpp:936   INFO| Lua::Save() : 0.015381 s
2026-03-02 22:34:29 [MainThread     ]    progressmanager.cpp:916   INFO| GatherSaveData : 0.018179 s
2026-03-02 22:34:29 [MainThread     ]       audiomanager.cpp:1057   DBG| Skipped unloading map banks
2026-03-02 22:34:29 [NoName         ]     binarysavedata.cpp:17    INFO| Writing 568197 bytes
2026-03-02 22:34:29 [NoName         ]              world.cpp:1329  INFO| Loading next map: A_Combat07
2026-03-02 22:34:29 [NoName         ]              world.cpp:1370  INFO| PreScriptLoad
2026-03-02 22:34:29 [NoName         ]              world.cpp:1382  INFO| PreScriptLoad Done
2026-03-02 22:34:29 [NoName         ]              world.cpp:1398   DBG| load packages took 0.000004
2026-03-02 22:34:29 [NoName         ]              world.cpp:1420   DBG| loadScriptsTask Done 
2026-03-02 22:34:29 [NoName         ]              world.cpp:1424   DBG| Finished Asset Loading 
2026-03-02 22:34:29 [NoName         ]     binaryloaddata.cpp:12    INFO| Reading 98198 bytes
2026-03-02 22:34:29 [NoName         ]       audiomanager.cpp:1022   DBG| Loading map banks for: A_Combat07
2026-03-02 22:34:29 [NoName         ]       audiomanager.cpp:775    DBG| Loading bank: Tartarus.bank
2026-03-02 22:34:29 [NoName         ]       audiomanager.cpp:832    DBG| Already loaded :Tartarus.bank
2026-03-02 22:34:29 [NoName         ]              world.cpp:1360   DBG| Map Load took 0.088832
2026-03-02 22:34:29 [NoName         ]              world.cpp:1431   DBG| Calling PostLoad
2026-03-02 22:34:29 [NoName         ]              world.cpp:1433   DBG| Finished PostLaod
2026-03-02 22:34:29 [NoName         ]              world.cpp:1435   DBG| Finished Asset Loading 
2026-03-02 22:34:29 [NoName         ]              world.cpp:1440   DBG| end of postLoadTask
2026-03-02 22:34:30 [RenderThread   ]     rendercommands.cpp:625   INFO| Resetting RenderMesh Caches. ResetRequest: 1, BufferMaxLoad: 0.18
2026-03-02 22:34:33 [RenderThread   ]     rendercommands.cpp:625   INFO| Resetting RenderMesh Caches. ResetRequest: 0, BufferMaxLoad: 0.75
2026-03-02 22:34:43 [NoName         ]     binarysavedata.cpp:17    INFO| Writing 9 bytes
2026-03-02 22:34:49 [RenderThread   ]     rendercommands.cpp:625   INFO| Resetting RenderMesh Caches. ResetRequest: 0, BufferMaxLoad: 0.75
2026-03-02 22:34:53 [RenderThread   ]     rendercommands.cpp:625   INFO| Resetting RenderMesh Caches. ResetRequest: 0, BufferMaxLoad: 0.75
2026-03-02 22:34:55 [MainThread     ]    progressmanager.cpp:936   INFO| Lua::Save() : 0.014006 s
2026-03-02 22:34:55 [MainThread     ]    progressmanager.cpp:916   INFO| GatherSaveData : 0.016825 s
2026-03-02 22:34:55 [NoName         ]     binarysavedata.cpp:17    INFO| Writing 570389 bytes
2026-03-02 22:34:55 [NoName         ]     binarysavedata.cpp:17    INFO| Writing 9 bytes
2026-03-02 22:34:58 [MainThread     ]  windowsfilesystem.cpp:209    ERR| Error opening file: Z:\home\aechewhy\Games\Hades\Content\Game\PauseScreen.sjson -- rb (error: No such file or directory)
2026-03-02 22:34:58 [MainThread     ]              world.cpp:1593  INFO| World::Stop()
2026-03-02 22:34:59 [RenderThread   ]     rendercommands.cpp:625   INFO| Resetting RenderMesh Caches. ResetRequest: 0, BufferMaxLoad: 0.75
2026-03-02 22:35:01 [NoName         ]     binarysavedata.cpp:17    INFO| Writing 9 bytes
2026-03-02 22:35:01 [MainThread     ]              world.cpp:1526  INFO| World::Begin() A_Combat07 -> A_Combat16
2026-03-02 22:35:01 [MainThread     ]    progressmanager.cpp:936   INFO| Lua::Save() : 0.014921 s
2026-03-02 22:35:01 [MainThread     ]    progressmanager.cpp:916   INFO| GatherSaveData : 0.017746 s
2026-03-02 22:35:01 [MainThread     ]       audiomanager.cpp:1057   DBG| Skipped unloading map banks
2026-03-02 22:35:01 [NoName         ]     binarysavedata.cpp:17    INFO| Writing 568919 bytes
2026-03-02 22:35:01 [NoName         ]              world.cpp:1329  INFO| Loading next map: A_Combat16
2026-03-02 22:35:01 [NoName         ]              world.cpp:1370  INFO| PreScriptLoad
2026-03-02 22:35:01 [NoName         ]              world.cpp:1382  INFO| PreScriptLoad Done
2026-03-02 22:35:01 [NoName         ]              world.cpp:1398   DBG| load packages took 0.000006
2026-03-02 22:35:01 [NoName         ]              world.cpp:1420   DBG| loadScriptsTask Done 
2026-03-02 22:35:01 [NoName         ]              world.cpp:1424   DBG| Finished Asset Loading 
2026-03-02 22:35:01 [NoName         ]     binaryloaddata.cpp:12    INFO| Reading 311960 bytes
2026-03-02 22:35:01 [NoName         ]       audiomanager.cpp:1022   DBG| Loading map banks for: A_Combat16
2026-03-02 22:35:01 [NoName         ]       audiomanager.cpp:775    DBG| Loading bank: Tartarus.bank
2026-03-02 22:35:01 [NoName         ]       audiomanager.cpp:832    DBG| Already loaded :Tartarus.bank
2026-03-02 22:35:01 [NoName         ]              world.cpp:1360   DBG| Map Load took 0.082038
2026-03-02 22:35:01 [NoName         ]              world.cpp:1431   DBG| Calling PostLoad
2026-03-02 22:35:01 [NoName         ]              world.cpp:1433   DBG| Finished PostLaod
2026-03-02 22:35:01 [NoName         ]              world.cpp:1435   DBG| Finished Asset Loading 
2026-03-02 22:35:01 [NoName         ]              world.cpp:1440   DBG| end of postLoadTask
2026-03-02 22:35:01 [RenderThread   ]     rendercommands.cpp:625   INFO| Resetting RenderMesh Caches. ResetRequest: 1, BufferMaxLoad: 0.33
2026-03-02 22:35:06 [NoName         ]     binarysavedata.cpp:17    INFO| Writing 9 bytes
2026-03-02 22:35:09 [RenderThread   ]     rendercommands.cpp:625   INFO| Resetting RenderMesh Caches. ResetRequest: 0, BufferMaxLoad: 0.75
2026-03-02 22:35:20 [RenderThread   ]     rendercommands.cpp:625   INFO| Resetting RenderMesh Caches. ResetRequest: 0, BufferMaxLoad: 0.75
2026-03-02 22:35:21 [RenderThread   ]     rendercommands.cpp:625   INFO| Resetting RenderMesh Caches. ResetRequest: 0, BufferMaxLoad: 0.75
2026-03-02 22:35:25 [RenderThread   ]     rendercommands.cpp:625   INFO| Resetting RenderMesh Caches. ResetRequest: 0, BufferMaxLoad: 0.75
2026-03-02 22:35:26 [MainThread     ]    progressmanager.cpp:936   INFO| Lua::Save() : 0.014952 s
2026-03-02 22:35:26 [MainThread     ]    progressmanager.cpp:916   INFO| GatherSaveData : 0.017792 s
2026-03-02 22:35:26 [NoName         ]     binarysavedata.cpp:17    INFO| Writing 9 bytes
2026-03-02 22:35:26 [NoName         ]     binarysavedata.cpp:17    INFO| Writing 570820 bytes
2026-03-02 22:35:27 [MainThread     ]  windowsfilesystem.cpp:209    ERR| Error opening file: Z:\home\aechewhy\Games\Hades\Content\Game\PauseScreen.sjson -- rb (error: No such file or directory)
2026-03-02 22:35:27 [MainThread     ]              world.cpp:1593  INFO| World::Stop()
2026-03-02 22:35:35 [NoName         ]     binarysavedata.cpp:17    INFO| Writing 9 bytes
2026-03-02 22:35:35 [MainThread     ]              world.cpp:1526  INFO| World::Begin() A_Combat16 -> A_Combat08B
2026-03-02 22:35:35 [MainThread     ]    progressmanager.cpp:936   INFO| Lua::Save() : 0.014496 s
2026-03-02 22:35:35 [MainThread     ]    progressmanager.cpp:916   INFO| GatherSaveData : 0.017302 s
2026-03-02 22:35:35 [MainThread     ]       audiomanager.cpp:1057   DBG| Skipped unloading map banks
2026-03-02 22:35:35 [NoName         ]     binarysavedata.cpp:17    INFO| Writing 571000 bytes
2026-03-02 22:35:35 [NoName         ]              world.cpp:1329  INFO| Loading next map: A_Combat08B
2026-03-02 22:35:35 [NoName         ]              world.cpp:1370  INFO| PreScriptLoad
2026-03-02 22:35:35 [NoName         ]              world.cpp:1382  INFO| PreScriptLoad Done
2026-03-02 22:35:35 [NoName         ]              world.cpp:1398   DBG| load packages took 0.000006
2026-03-02 22:35:35 [NoName         ]              world.cpp:1420   DBG| loadScriptsTask Done 
2026-03-02 22:35:35 [NoName         ]              world.cpp:1424   DBG| Finished Asset Loading 
2026-03-02 22:35:35 [NoName         ]     binaryloaddata.cpp:12    INFO| Reading 165884 bytes
2026-03-02 22:35:35 [NoName         ]       audiomanager.cpp:1022   DBG| Loading map banks for: A_Combat08B
2026-03-02 22:35:35 [NoName         ]       audiomanager.cpp:775    DBG| Loading bank: Tartarus.bank
2026-03-02 22:35:35 [NoName         ]       audiomanager.cpp:832    DBG| Already loaded :Tartarus.bank
2026-03-02 22:35:35 [NoName         ]              world.cpp:1360   DBG| Map Load took 0.064729
2026-03-02 22:35:35 [NoName         ]              world.cpp:1431   DBG| Calling PostLoad
2026-03-02 22:35:35 [NoName         ]              world.cpp:1433   DBG| Finished PostLaod
2026-03-02 22:35:35 [NoName         ]              world.cpp:1435   DBG| Finished Asset Loading 
2026-03-02 22:35:35 [NoName         ]              world.cpp:1440   DBG| end of postLoadTask
2026-03-02 22:35:35 [RenderThread   ]     rendercommands.cpp:625   INFO| Resetting RenderMesh Caches. ResetRequest: 1, BufferMaxLoad: 0.46
2026-03-02 22:35:37 [RenderThread   ]     rendercommands.cpp:625   INFO| Resetting RenderMesh Caches. ResetRequest: 0, BufferMaxLoad: 0.75
2026-03-02 22:35:53 [RenderThread   ]     rendercommands.cpp:625   INFO| Resetting RenderMesh Caches. ResetRequest: 0, BufferMaxLoad: 0.75
2026-03-02 22:35:57 [RenderThread   ]     rendercommands.cpp:625   INFO| Resetting RenderMesh Caches. ResetRequest: 0, BufferMaxLoad: 0.75
2026-03-02 22:36:03 [NoName         ]     binarysavedata.cpp:17    INFO| Writing 9 bytes
2026-03-02 22:36:04 [RenderThread   ]     rendercommands.cpp:625   INFO| Resetting RenderMesh Caches. ResetRequest: 0, BufferMaxLoad: 0.75
2026-03-02 22:36:09 [RenderThread   ]     rendercommands.cpp:625   INFO| Resetting RenderMesh Caches. ResetRequest: 0, BufferMaxLoad: 0.75
2026-03-02 22:36:14 [RenderThread   ]     rendercommands.cpp:625   INFO| Resetting RenderMesh Caches. ResetRequest: 0, BufferMaxLoad: 0.75
2026-03-02 22:36:15 [RenderThread   ]     rendercommands.cpp:625   INFO| Resetting RenderMesh Caches. ResetRequest: 0, BufferMaxLoad: 0.75
2026-03-02 22:36:17 [MainThread     ]    progressmanager.cpp:936   INFO| Lua::Save() : 0.014325 s
2026-03-02 22:36:17 [MainThread     ]    progressmanager.cpp:916   INFO| GatherSaveData : 0.017154 s
2026-03-02 22:36:17 [NoName         ]     binarysavedata.cpp:17    INFO| Writing 573249 bytes
2026-03-02 22:36:17 [NoName         ]     binarysavedata.cpp:17    INFO| Writing 9 bytes
2026-03-02 22:36:21 [NoName         ]     binarysavedata.cpp:17    INFO| Writing 9 bytes
2026-03-02 22:36:21 [MainThread     ]              world.cpp:1526  INFO| World::Begin() A_Combat08B -> A_PreBoss01
2026-03-02 22:36:21 [MainThread     ]    progressmanager.cpp:936   INFO| Lua::Save() : 0.014298 s
2026-03-02 22:36:21 [MainThread     ]    progressmanager.cpp:916   INFO| GatherSaveData : 0.017205 s
2026-03-02 22:36:21 [MainThread     ]       audiomanager.cpp:1057   DBG| Skipped unloading map banks
2026-03-02 22:36:21 [NoName         ]     binarysavedata.cpp:17    INFO| Writing 573911 bytes
2026-03-02 22:36:21 [NoName         ]              world.cpp:1370  INFO| PreScriptLoad
2026-03-02 22:36:21 [NoName         ]              world.cpp:1329  INFO| Loading next map: A_PreBoss01
2026-03-02 22:36:21 [NoName         ]              world.cpp:1382  INFO| PreScriptLoad Done
2026-03-02 22:36:21 [NoName         ]              world.cpp:1398   DBG| load packages took 0.000007
2026-03-02 22:36:21 [NoName         ]              world.cpp:1420   DBG| loadScriptsTask Done 
2026-03-02 22:36:21 [NoName         ]              world.cpp:1424   DBG| Finished Asset Loading 
2026-03-02 22:36:21 [NoName         ]     binaryloaddata.cpp:12    INFO| Reading 172388 bytes
2026-03-02 22:36:21 [NoName         ]       audiomanager.cpp:1022   DBG| Loading map banks for: A_PreBoss01
2026-03-02 22:36:21 [NoName         ]       audiomanager.cpp:775    DBG| Loading bank: Tartarus.bank
2026-03-02 22:36:21 [NoName         ]       audiomanager.cpp:832    DBG| Already loaded :Tartarus.bank
2026-03-02 22:36:21 [NoName         ]              world.cpp:1360   DBG| Map Load took 0.071920
2026-03-02 22:36:21 [NoName         ]              world.cpp:1431   DBG| Calling PostLoad
2026-03-02 22:36:21 [NoName         ]              world.cpp:1433   DBG| Finished PostLaod
2026-03-02 22:36:21 [NoName         ]              world.cpp:1435   DBG| Finished Asset Loading 
2026-03-02 22:36:21 [NoName         ]              world.cpp:1440   DBG| end of postLoadTask
2026-03-02 22:36:22 [RenderThread   ]     rendercommands.cpp:625   INFO| Resetting RenderMesh Caches. ResetRequest: 1, BufferMaxLoad: 0.52
2026-03-02 22:36:26 [NoName         ]     binarysavedata.cpp:17    INFO| Writing 9 bytes
2026-03-02 22:36:30 [RenderThread   ]     rendercommands.cpp:625   INFO| Resetting RenderMesh Caches. ResetRequest: 0, BufferMaxLoad: 0.75
2026-03-02 22:36:54 [NoName         ]     binarysavedata.cpp:17    INFO| Writing 9 bytes
2026-03-02 22:36:54 [MainThread     ]              world.cpp:1526  INFO| World::Begin() A_PreBoss01 -> A_Boss02
2026-03-02 22:36:54 [MainThread     ]    progressmanager.cpp:936   INFO| Lua::Save() : 0.013873 s
2026-03-02 22:36:54 [MainThread     ]    progressmanager.cpp:916   INFO| GatherSaveData : 0.016724 s
2026-03-02 22:36:54 [MainThread     ]       audiomanager.cpp:1057   DBG| Skipped unloading map banks
2026-03-02 22:36:54 [NoName         ]     binarysavedata.cpp:17    INFO| Writing 578986 bytes
2026-03-02 22:36:54 [NoName         ]              world.cpp:1329  INFO| Loading next map: A_Boss02
2026-03-02 22:36:54 [NoName         ]              world.cpp:1370  INFO| PreScriptLoad
2026-03-02 22:36:54 [NoName         ]              world.cpp:1382  INFO| PreScriptLoad Done
2026-03-02 22:36:54 [NoName         ]              world.cpp:1398   DBG| load packages took 0.000007
2026-03-02 22:36:54 [NoName         ]              world.cpp:1420   DBG| loadScriptsTask Done 
2026-03-02 22:36:54 [NoName         ]              world.cpp:1424   DBG| Finished Asset Loading 
2026-03-02 22:36:54 [NoName         ]     binaryloaddata.cpp:12    INFO| Reading 237769 bytes
2026-03-02 22:36:54 [NoName         ]       audiomanager.cpp:1022   DBG| Loading map banks for: A_Boss02
2026-03-02 22:36:54 [NoName         ]       audiomanager.cpp:775    DBG| Loading bank: Tartarus.bank
2026-03-02 22:36:54 [NoName         ]       audiomanager.cpp:832    DBG| Already loaded :Tartarus.bank
2026-03-02 22:36:54 [NoName         ]              world.cpp:1360   DBG| Map Load took 0.091479
2026-03-02 22:36:54 [NoName         ]              world.cpp:1431   DBG| Calling PostLoad
2026-03-02 22:36:54 [NoName         ]              world.cpp:1433   DBG| Finished PostLaod
2026-03-02 22:36:54 [NoName         ]              world.cpp:1435   DBG| Finished Asset Loading 
2026-03-02 22:36:54 [NoName         ]              world.cpp:1440   DBG| end of postLoadTask
2026-03-02 22:36:54 [RenderThread   ]     rendercommands.cpp:625   INFO| Resetting RenderMesh Caches. ResetRequest: 1, BufferMaxLoad: 0.62
2026-03-02 22:37:14 [RenderThread   ]     rendercommands.cpp:625   INFO| Resetting RenderMesh Caches. ResetRequest: 0, BufferMaxLoad: 0.75
2026-03-02 22:37:19 [NoName         ]     binarysavedata.cpp:17    INFO| Writing 9 bytes
2026-03-02 22:38:02 [RenderThread   ]     rendercommands.cpp:625   INFO| Resetting RenderMesh Caches. ResetRequest: 0, BufferMaxLoad: 0.75
2026-03-02 22:38:21 [RenderThread   ]     rendercommands.cpp:625   INFO| Resetting RenderMesh Caches. ResetRequest: 0, BufferMaxLoad: 0.75
2026-03-02 22:38:23 [MainThread     ]    progressmanager.cpp:936   INFO| Lua::Save() : 0.015564 s
2026-03-02 22:38:23 [MainThread     ]    progressmanager.cpp:916   INFO| GatherSaveData : 0.018447 s
2026-03-02 22:38:23 [NoName         ]     binarysavedata.cpp:17    INFO| Writing 9 bytes
2026-03-02 22:38:23 [NoName         ]     binarysavedata.cpp:17    INFO| Writing 579665 bytes
2026-03-02 22:38:24 [RenderThread   ]     rendercommands.cpp:625   INFO| Resetting RenderMesh Caches. ResetRequest: 0, BufferMaxLoad: 0.75
2026-03-02 22:38:26 [NoName         ]     binarysavedata.cpp:17    INFO| Writing 9 bytes
2026-03-02 22:38:26 [MainThread     ]              world.cpp:1526  INFO| World::Begin() A_Boss02 -> A_PostBoss01
2026-03-02 22:38:26 [MainThread     ]    progressmanager.cpp:936   INFO| Lua::Save() : 0.021753 s
2026-03-02 22:38:26 [MainThread     ]    progressmanager.cpp:916   INFO| GatherSaveData : 0.025388 s
2026-03-02 22:38:26 [MainThread     ]       audiomanager.cpp:1057   DBG| Skipped unloading map banks
2026-03-02 22:38:26 [NoName         ]     binarysavedata.cpp:17    INFO| Writing 580988 bytes
2026-03-02 22:38:26 [NoName         ]              world.cpp:1329  INFO| Loading next map: A_PostBoss01
2026-03-02 22:38:26 [NoName         ]              world.cpp:1370  INFO| PreScriptLoad
2026-03-02 22:38:26 [NoName         ]              world.cpp:1382  INFO| PreScriptLoad Done
2026-03-02 22:38:26 [NoName         ]              world.cpp:1398   DBG| load packages took 0.000009
2026-03-02 22:38:26 [NoName         ]              world.cpp:1420   DBG| loadScriptsTask Done 
2026-03-02 22:38:26 [NoName         ]              world.cpp:1424   DBG| Finished Asset Loading 
2026-03-02 22:38:26 [NoName         ]     binaryloaddata.cpp:12    INFO| Reading 184940 bytes
2026-03-02 22:38:26 [NoName         ]       audiomanager.cpp:1022   DBG| Loading map banks for: A_PostBoss01
2026-03-02 22:38:26 [NoName         ]       audiomanager.cpp:775    DBG| Loading bank: Tartarus.bank
2026-03-02 22:38:26 [NoName         ]       audiomanager.cpp:832    DBG| Already loaded :Tartarus.bank
2026-03-02 22:38:26 [NoName         ]              world.cpp:1360   DBG| Map Load took 0.073508
2026-03-02 22:38:26 [NoName         ]              world.cpp:1431   DBG| Calling PostLoad
2026-03-02 22:38:26 [NoName         ]              world.cpp:1433   DBG| Finished PostLaod
2026-03-02 22:38:26 [NoName         ]              world.cpp:1435   DBG| Finished Asset Loading 
2026-03-02 22:38:26 [NoName         ]              world.cpp:1440   DBG| end of postLoadTask
2026-03-02 22:38:26 [RenderThread   ]     rendercommands.cpp:625   INFO| Resetting RenderMesh Caches. ResetRequest: 1, BufferMaxLoad: 0.07
2026-03-02 22:38:34 [RenderThread   ]     rendercommands.cpp:625   INFO| Resetting RenderMesh Caches. ResetRequest: 0, BufferMaxLoad: 0.75
2026-03-02 22:38:34 [RenderThread   ]     rendercommands.cpp:625   INFO| Resetting RenderMesh Caches. ResetRequest: 0, BufferMaxLoad: 0.76
2026-03-02 22:38:35 [RenderThread   ]     rendercommands.cpp:625   INFO| Resetting RenderMesh Caches. ResetRequest: 0, BufferMaxLoad: 0.75
2026-03-02 22:38:45 [RenderThread   ]     rendercommands.cpp:625   INFO| Resetting RenderMesh Caches. ResetRequest: 0, BufferMaxLoad: 0.76
2026-03-02 22:38:45 [RenderThread   ]     rendercommands.cpp:625   INFO| Resetting RenderMesh Caches. ResetRequest: 0, BufferMaxLoad: 0.76
2026-03-02 22:38:49 [MainThread     ]            program.cpp:369   INFO| Window Inactive
2026-03-02 22:38:56 [MainThread     ]            program.cpp:352   INFO| Window Active
2026-03-02 22:38:56 [MainThread     ]            program.cpp:352   INFO| Window Active
2026-03-02 22:38:57 [MainThread     ]            program.cpp:369   INFO| Window Inactive
2026-03-02 22:38:59 [MainThread     ]            program.cpp:352   INFO| Window Active
2026-03-02 22:38:59 [MainThread     ]            program.cpp:352   INFO| Window Active
2026-03-02 22:39:22 [RenderThread   ]     rendercommands.cpp:625   INFO| Resetting RenderMesh Caches. ResetRequest: 0, BufferMaxLoad: 0.75
2026-03-02 22:39:24 [RenderThread   ]     rendercommands.cpp:625   INFO| Resetting RenderMesh Caches. ResetRequest: 0, BufferMaxLoad: 0.75
2026-03-02 22:39:33 [RenderThread   ]     rendercommands.cpp:625   INFO| Resetting RenderMesh Caches. ResetRequest: 0, BufferMaxLoad: 0.75
2026-03-02 22:39:33 [RenderThread   ]     rendercommands.cpp:625   INFO| Resetting RenderMesh Caches. ResetRequest: 0, BufferMaxLoad: 0.76
2026-03-02 22:39:33 [RenderThread   ]     rendercommands.cpp:625   INFO| Resetting RenderMesh Caches. ResetRequest: 0, BufferMaxLoad: 0.75
2026-03-02 22:39:37 [RenderThread   ]     rendercommands.cpp:625   INFO| Resetting RenderMesh Caches. ResetRequest: 0, BufferMaxLoad: 0.75
2026-03-02 22:39:38 [RenderThread   ]     rendercommands.cpp:625   INFO| Resetting RenderMesh Caches. ResetRequest: 0, BufferMaxLoad: 0.75
2026-03-02 22:39:39 [RenderThread   ]     rendercommands.cpp:625   INFO| Resetting RenderMesh Caches. ResetRequest: 0, BufferMaxLoad: 0.75
2026-03-02 22:39:40 [RenderThread   ]     rendercommands.cpp:625   INFO| Resetting RenderMesh Caches. ResetRequest: 0, BufferMaxLoad: 0.75
2026-03-02 22:39:41 [RenderThread   ]     rendercommands.cpp:625   INFO| Resetting RenderMesh Caches. ResetRequest: 0, BufferMaxLoad: 0.75
2026-03-02 22:39:42 [RenderThread   ]     rendercommands.cpp:625   INFO| Resetting RenderMesh Caches. ResetRequest: 0, BufferMaxLoad: 0.75
2026-03-02 22:39:43 [RenderThread   ]     rendercommands.cpp:625   INFO| Resetting RenderMesh Caches. ResetRequest: 0, BufferMaxLoad: 0.75
2026-03-02 22:39:44 [NoName         ]     binarysavedata.cpp:17    INFO| Writing 9 bytes
2026-03-02 22:39:44 [MainThread     ]              world.cpp:1526  INFO| World::Begin() A_PostBoss01 -> B_Intro
2026-03-02 22:39:44 [MainThread     ]    progressmanager.cpp:936   INFO| Lua::Save() : 0.014546 s
2026-03-02 22:39:44 [MainThread     ]    progressmanager.cpp:916   INFO| GatherSaveData : 0.017433 s
2026-03-02 22:39:44 [NoName         ]     binarysavedata.cpp:17    INFO| Writing 586305 bytes
2026-03-02 22:39:44 [MainThread     ]       audiomanager.cpp:1062   DBG| Unloading map banks
2026-03-02 22:39:44 [NoName         ]              world.cpp:1329  INFO| Loading next map: B_Intro
2026-03-02 22:39:44 [NoName         ]              world.cpp:1370  INFO| PreScriptLoad
2026-03-02 22:39:44 [NoName         ]              world.cpp:1382  INFO| PreScriptLoad Done
2026-03-02 22:39:44 [NoName         ]   gameassetmanager.cpp:436   INFO| Start reading manifest Asphodel
2026-03-02 22:39:44 [NoName         ]     binaryloaddata.cpp:12    INFO| Reading 299999 bytes
2026-03-02 22:39:44 [NoName         ]       audiomanager.cpp:1022   DBG| Loading map banks for: B_Intro
2026-03-02 22:39:44 [NoName         ]       audiomanager.cpp:775    DBG| Loading bank: Asphodel.bank
2026-03-02 22:39:44 [NoName         ]   gameassetmanager.cpp:489   INFO| Done reading manifest Asphodel
2026-03-02 22:39:44 [NoName         ]              world.cpp:1398   DBG| load packages took 0.004960
2026-03-02 22:39:44 [GameAssetManagerLoadThread]   gameassetmanager.cpp:515   INFO| Loading package: Asphodel.pkg
2026-03-02 22:39:44 [NoName         ]              world.cpp:1420   DBG| loadScriptsTask Done 
2026-03-02 22:39:44 [NoName         ]              world.cpp:1360   DBG| Map Load took 0.039279
2026-03-02 22:39:44 [GameAssetManagerLoadThread]   gameassetmanager.cpp:545   INFO| Package Loaded: Asphodel
2026-03-02 22:39:44 [NoName         ]              world.cpp:1424   DBG| Finished Asset Loading 
2026-03-02 22:39:44 [NoName         ]              world.cpp:1431   DBG| Calling PostLoad
2026-03-02 22:39:44 [NoName         ]   gameassetmanager.cpp:436   INFO| Start reading manifest DemeterUpgrade
2026-03-02 22:39:44 [NoName         ]   gameassetmanager.cpp:489   INFO| Done reading manifest DemeterUpgrade
2026-03-02 22:39:44 [NoName         ]   gameassetmanager.cpp:436   INFO| Start reading manifest AphroditeUpgrade
2026-03-02 22:39:44 [NoName         ]   gameassetmanager.cpp:489   INFO| Done reading manifest AphroditeUpgrade
2026-03-02 22:39:44 [GameAssetManagerLoadThread]   gameassetmanager.cpp:515   INFO| Loading package: DemeterUpgrade.pkg
2026-03-02 22:39:44 [GameAssetManagerLoadThread]   gameassetmanager.cpp:545   INFO| Package Loaded: DemeterUpgrade
2026-03-02 22:39:44 [GameAssetManagerLoadThread]   gameassetmanager.cpp:515   INFO| Loading package: AphroditeUpgrade.pkg
2026-03-02 22:39:44 [GameAssetManagerLoadThread]   gameassetmanager.cpp:545   INFO| Package Loaded: AphroditeUpgrade
2026-03-02 22:39:44 [NoName         ]   gameassetmanager.cpp:436   INFO| Start reading manifest Charts
2026-03-02 22:39:44 [NoName         ]   gameassetmanager.cpp:489   INFO| Done reading manifest Charts
2026-03-02 22:39:44 [GameAssetManagerLoadThread]   gameassetmanager.cpp:515   INFO| Loading package: Charts.pkg
2026-03-02 22:39:44 [NoName         ]              world.cpp:1433   DBG| Finished PostLaod
2026-03-02 22:39:44 [GameAssetManagerLoadThread]   gameassetmanager.cpp:545   INFO| Package Loaded: Charts
2026-03-02 22:39:44 [NoName         ]              world.cpp:1435   DBG| Finished Asset Loading 
2026-03-02 22:39:44 [NoName         ]              world.cpp:1440   DBG| end of postLoadTask
2026-03-02 22:39:45 [MainThread     ]   gameassetmanager.cpp:436   INFO| Start reading manifest ShieldThrow
2026-03-02 22:39:45 [MainThread     ]   gameassetmanager.cpp:489   INFO| Done reading manifest ShieldThrow
2026-03-02 22:39:45 [GameAssetManagerLoadThread]   gameassetmanager.cpp:515   INFO| Loading package: ShieldThrow.pkg
2026-03-02 22:39:45 [GameAssetManagerLoadThread]   gameassetmanager.cpp:545   INFO| Package Loaded: ShieldThrow
2026-03-02 22:39:45 [MainThread     ]   gameassetmanager.cpp:436   INFO| Start reading manifest ShieldWeapon
2026-03-02 22:39:45 [MainThread     ]   gameassetmanager.cpp:489   INFO| Done reading manifest ShieldWeapon
2026-03-02 22:39:45 [GameAssetManagerLoadThread]   gameassetmanager.cpp:515   INFO| Loading package: ShieldWeapon.pkg
2026-03-02 22:39:45 [GameAssetManagerLoadThread]   gameassetmanager.cpp:545   INFO| Package Loaded: ShieldWeapon
2026-03-02 22:39:45 [RenderThread   ]     rendercommands.cpp:625   INFO| Resetting RenderMesh Caches. ResetRequest: 1, BufferMaxLoad: 0.38
2026-03-02 22:39:49 [RenderThread   ]     rendercommands.cpp:625   INFO| Resetting RenderMesh Caches. ResetRequest: 0, BufferMaxLoad: 0.75
2026-03-02 22:39:53 [NoName         ]     binarysavedata.cpp:17    INFO| Writing 9 bytes
2026-03-02 22:39:53 [MainThread     ]              world.cpp:1526  INFO| World::Begin() B_Intro -> B_Combat04
2026-03-02 22:39:53 [MainThread     ]    progressmanager.cpp:936   INFO| Lua::Save() : 0.014140 s
2026-03-02 22:39:53 [MainThread     ]    progressmanager.cpp:916   INFO| GatherSaveData : 0.016996 s
2026-03-02 22:39:53 [MainThread     ]       audiomanager.cpp:1057   DBG| Skipped unloading map banks
2026-03-02 22:39:53 [NoName         ]     binarysavedata.cpp:17    INFO| Writing 586767 bytes
2026-03-02 22:39:53 [NoName         ]              world.cpp:1370  INFO| PreScriptLoad
2026-03-02 22:39:53 [NoName         ]              world.cpp:1329  INFO| Loading next map: B_Combat04
2026-03-02 22:39:53 [NoName         ]              world.cpp:1382  INFO| PreScriptLoad Done
2026-03-02 22:39:53 [NoName         ]              world.cpp:1398   DBG| load packages took 0.000008
2026-03-02 22:39:53 [NoName         ]              world.cpp:1420   DBG| loadScriptsTask Done 
2026-03-02 22:39:53 [NoName         ]              world.cpp:1424   DBG| Finished Asset Loading 
2026-03-02 22:39:53 [NoName         ]     binaryloaddata.cpp:12    INFO| Reading 458258 bytes
2026-03-02 22:39:53 [NoName         ]       audiomanager.cpp:1022   DBG| Loading map banks for: B_Combat04
2026-03-02 22:39:53 [NoName         ]       audiomanager.cpp:775    DBG| Loading bank: Asphodel.bank
2026-03-02 22:39:53 [NoName         ]       audiomanager.cpp:832    DBG| Already loaded :Asphodel.bank
2026-03-02 22:39:53 [NoName         ]              world.cpp:1360   DBG| Map Load took 0.072480
2026-03-02 22:39:53 [NoName         ]              world.cpp:1431   DBG| Calling PostLoad
2026-03-02 22:39:53 [NoName         ]              world.cpp:1433   DBG| Finished PostLaod
2026-03-02 22:39:53 [NoName         ]              world.cpp:1435   DBG| Finished Asset Loading 
2026-03-02 22:39:53 [NoName         ]              world.cpp:1440   DBG| end of postLoadTask
2026-03-02 22:39:53 [RenderThread   ]     rendercommands.cpp:625   INFO| Resetting RenderMesh Caches. ResetRequest: 1, BufferMaxLoad: 0.30
2026-03-02 22:39:58 [RenderThread   ]     rendercommands.cpp:625   INFO| Resetting RenderMesh Caches. ResetRequest: 0, BufferMaxLoad: 0.75
2026-03-02 22:40:07 [NoName         ]     binarysavedata.cpp:17    INFO| Writing 9 bytes
2026-03-02 22:40:22 [RenderThread   ]     rendercommands.cpp:625   INFO| Resetting RenderMesh Caches. ResetRequest: 0, BufferMaxLoad: 0.75
2026-03-02 22:40:23 [RenderThread   ]     rendercommands.cpp:625   INFO| Resetting RenderMesh Caches. ResetRequest: 0, BufferMaxLoad: 0.75
2026-03-02 22:40:26 [RenderThread   ]     rendercommands.cpp:625   INFO| Resetting RenderMesh Caches. ResetRequest: 0, BufferMaxLoad: 0.75
2026-03-02 22:40:43 [RenderThread   ]     rendercommands.cpp:625   INFO| Resetting RenderMesh Caches. ResetRequest: 0, BufferMaxLoad: 0.75
2026-03-02 22:40:48 [MainThread     ]    progressmanager.cpp:936   INFO| Lua::Save() : 0.014890 s
2026-03-02 22:40:48 [MainThread     ]    progressmanager.cpp:916   INFO| GatherSaveData : 0.017816 s
2026-03-02 22:40:48 [NoName         ]     binarysavedata.cpp:17    INFO| Writing 590968 bytes
2026-03-02 22:40:48 [NoName         ]     binarysavedata.cpp:17    INFO| Writing 9 bytes
2026-03-02 22:40:58 [NoName         ]     binarysavedata.cpp:17    INFO| Writing 9 bytes
2026-03-02 22:40:58 [MainThread     ]              world.cpp:1526  INFO| World::Begin() B_Combat04 -> B_Combat02
2026-03-02 22:40:58 [MainThread     ]    progressmanager.cpp:936   INFO| Lua::Save() : 0.013536 s
2026-03-02 22:40:58 [MainThread     ]    progressmanager.cpp:916   INFO| GatherSaveData : 0.016408 s
2026-03-02 22:40:58 [MainThread     ]       audiomanager.cpp:1057   DBG| Skipped unloading map banks
2026-03-02 22:40:58 [NoName         ]     binarysavedata.cpp:17    INFO| Writing 591414 bytes
2026-03-02 22:40:58 [NoName         ]              world.cpp:1329  INFO| Loading next map: B_Combat02
2026-03-02 22:40:58 [NoName         ]              world.cpp:1370  INFO| PreScriptLoad
2026-03-02 22:40:58 [NoName         ]              world.cpp:1382  INFO| PreScriptLoad Done
2026-03-02 22:40:58 [NoName         ]              world.cpp:1398   DBG| load packages took 0.000006
2026-03-02 22:40:58 [NoName         ]              world.cpp:1420   DBG| loadScriptsTask Done 
2026-03-02 22:40:58 [NoName         ]              world.cpp:1424   DBG| Finished Asset Loading 
2026-03-02 22:40:58 [NoName         ]     binaryloaddata.cpp:12    INFO| Reading 362925 bytes
2026-03-02 22:40:58 [NoName         ]       audiomanager.cpp:1022   DBG| Loading map banks for: B_Combat02
2026-03-02 22:40:58 [NoName         ]       audiomanager.cpp:775    DBG| Loading bank: Asphodel.bank
2026-03-02 22:40:58 [NoName         ]       audiomanager.cpp:832    DBG| Already loaded :Asphodel.bank
2026-03-02 22:40:58 [NoName         ]              world.cpp:1360   DBG| Map Load took 0.075652
2026-03-02 22:40:58 [NoName         ]              world.cpp:1431   DBG| Calling PostLoad
2026-03-02 22:40:58 [NoName         ]              world.cpp:1433   DBG| Finished PostLaod
2026-03-02 22:40:58 [NoName         ]              world.cpp:1435   DBG| Finished Asset Loading 
2026-03-02 22:40:58 [NoName         ]              world.cpp:1440   DBG| end of postLoadTask
2026-03-02 22:40:58 [RenderThread   ]     rendercommands.cpp:625   INFO| Resetting RenderMesh Caches. ResetRequest: 1, BufferMaxLoad: 0.62
2026-03-02 22:41:06 [RenderThread   ]     rendercommands.cpp:625   INFO| Resetting RenderMesh Caches. ResetRequest: 0, BufferMaxLoad: 0.75
2026-03-02 22:41:13 [NoName         ]     binarysavedata.cpp:17    INFO| Writing 9 bytes
2026-03-02 22:41:47 [RenderThread   ]     rendercommands.cpp:625   INFO| Resetting RenderMesh Caches. ResetRequest: 0, BufferMaxLoad: 0.75
2026-03-02 22:41:48 [RenderThread   ]     rendercommands.cpp:625   INFO| Resetting RenderMesh Caches. ResetRequest: 0, BufferMaxLoad: 0.75
2026-03-02 22:41:52 [RenderThread   ]     rendercommands.cpp:625   INFO| Resetting RenderMesh Caches. ResetRequest: 0, BufferMaxLoad: 0.75
2026-03-02 22:42:04 [MainThread     ]    progressmanager.cpp:936   INFO| Lua::Save() : 0.014422 s
2026-03-02 22:42:04 [MainThread     ]    progressmanager.cpp:916   INFO| GatherSaveData : 0.017347 s
2026-03-02 22:42:04 [NoName         ]     binarysavedata.cpp:17    INFO| Writing 594833 bytes
2026-03-02 22:42:04 [NoName         ]     binarysavedata.cpp:17    INFO| Writing 9 bytes
2026-03-02 22:42:06 [RenderThread   ]     rendercommands.cpp:625   INFO| Resetting RenderMesh Caches. ResetRequest: 0, BufferMaxLoad: 0.75
2026-03-02 22:42:09 [NoName         ]     binarysavedata.cpp:17    INFO| Writing 9 bytes
2026-03-02 22:42:09 [MainThread     ]              world.cpp:1526  INFO| World::Begin() B_Combat02 -> B_Combat10
2026-03-02 22:42:09 [MainThread     ]    progressmanager.cpp:936   INFO| Lua::Save() : 0.013853 s
2026-03-02 22:42:09 [MainThread     ]    progressmanager.cpp:916   INFO| GatherSaveData : 0.016784 s
2026-03-02 22:42:09 [MainThread     ]       audiomanager.cpp:1057   DBG| Skipped unloading map banks
2026-03-02 22:42:09 [NoName         ]     binarysavedata.cpp:17    INFO| Writing 595766 bytes
2026-03-02 22:42:09 [NoName         ]              world.cpp:1329  INFO| Loading next map: B_Combat10
2026-03-02 22:42:09 [NoName         ]              world.cpp:1370  INFO| PreScriptLoad
2026-03-02 22:42:09 [NoName         ]              world.cpp:1382  INFO| PreScriptLoad Done
2026-03-02 22:42:09 [NoName         ]              world.cpp:1398   DBG| load packages took 0.000007
2026-03-02 22:42:09 [NoName         ]              world.cpp:1420   DBG| loadScriptsTask Done 
2026-03-02 22:42:09 [NoName         ]              world.cpp:1424   DBG| Finished Asset Loading 
2026-03-02 22:42:09 [NoName         ]     binaryloaddata.cpp:12    INFO| Reading 240817 bytes
2026-03-02 22:42:09 [NoName         ]       audiomanager.cpp:1022   DBG| Loading map banks for: B_Combat10
2026-03-02 22:42:09 [NoName         ]       audiomanager.cpp:775    DBG| Loading bank: Asphodel.bank
2026-03-02 22:42:10 [NoName         ]       audiomanager.cpp:832    DBG| Already loaded :Asphodel.bank
2026-03-02 22:42:10 [NoName         ]              world.cpp:1360   DBG| Map Load took 0.074964
2026-03-02 22:42:10 [NoName         ]              world.cpp:1431   DBG| Calling PostLoad
2026-03-02 22:42:10 [NoName         ]              world.cpp:1433   DBG| Finished PostLaod
2026-03-02 22:42:10 [NoName         ]              world.cpp:1435   DBG| Finished Asset Loading 
2026-03-02 22:42:10 [NoName         ]              world.cpp:1440   DBG| end of postLoadTask
2026-03-02 22:42:10 [RenderThread   ]     rendercommands.cpp:625   INFO| Resetting RenderMesh Caches. ResetRequest: 1, BufferMaxLoad: 0.37
2026-03-02 22:42:15 [NoName         ]     binarysavedata.cpp:17    INFO| Writing 9 bytes
2026-03-02 22:42:24 [RenderThread   ]     rendercommands.cpp:625   INFO| Resetting RenderMesh Caches. ResetRequest: 0, BufferMaxLoad: 0.75
2026-03-02 22:42:40 [RenderThread   ]     rendercommands.cpp:625   INFO| Resetting RenderMesh Caches. ResetRequest: 0, BufferMaxLoad: 0.75
2026-03-02 22:42:42 [MainThread     ]    progressmanager.cpp:936   INFO| Lua::Save() : 0.014922 s
2026-03-02 22:42:42 [MainThread     ]    progressmanager.cpp:916   INFO| GatherSaveData : 0.017882 s
2026-03-02 22:42:42 [NoName         ]     binarysavedata.cpp:17    INFO| Writing 598385 bytes
2026-03-02 22:42:42 [NoName         ]     binarysavedata.cpp:17    INFO| Writing 9 bytes
2026-03-02 22:42:44 [MainThread     ]  windowsfilesystem.cpp:209    ERR| Error opening file: Z:\home\aechewhy\Games\Hades\Content\Game\PauseScreen.sjson -- rb (error: No such file or directory)
2026-03-02 22:42:44 [MainThread     ]              world.cpp:1593  INFO| World::Stop()
2026-03-02 22:42:47 [RenderThread   ]     rendercommands.cpp:625   INFO| Resetting RenderMesh Caches. ResetRequest: 0, BufferMaxLoad: 0.75
2026-03-02 22:42:50 [NoName         ]     binarysavedata.cpp:17    INFO| Writing 9 bytes
2026-03-02 22:42:50 [MainThread     ]              world.cpp:1526  INFO| World::Begin() B_Combat10 -> B_Wrapping01
2026-03-02 22:42:50 [MainThread     ]    progressmanager.cpp:936   INFO| Lua::Save() : 0.015098 s
2026-03-02 22:42:50 [MainThread     ]    progressmanager.cpp:916   INFO| GatherSaveData : 0.018048 s
2026-03-02 22:42:50 [MainThread     ]       audiomanager.cpp:1057   DBG| Skipped unloading map banks
2026-03-02 22:42:50 [NoName         ]     binarysavedata.cpp:17    INFO| Writing 598873 bytes
2026-03-02 22:42:50 [NoName         ]              world.cpp:1329  INFO| Loading next map: B_Wrapping01
2026-03-02 22:42:50 [NoName         ]              world.cpp:1370  INFO| PreScriptLoad
2026-03-02 22:42:50 [NoName         ]              world.cpp:1382  INFO| PreScriptLoad Done
2026-03-02 22:42:50 [NoName         ]              world.cpp:1398   DBG| load packages took 0.000005
2026-03-02 22:42:50 [NoName         ]              world.cpp:1420   DBG| loadScriptsTask Done 
2026-03-02 22:42:50 [NoName         ]              world.cpp:1424   DBG| Finished Asset Loading 
2026-03-02 22:42:50 [NoName         ]     binaryloaddata.cpp:12    INFO| Reading 223948 bytes
2026-03-02 22:42:50 [NoName         ]       audiomanager.cpp:1022   DBG| Loading map banks for: B_Wrapping01
2026-03-02 22:42:50 [NoName         ]       audiomanager.cpp:775    DBG| Loading bank: Asphodel.bank
2026-03-02 22:42:50 [NoName         ]       audiomanager.cpp:832    DBG| Already loaded :Asphodel.bank
2026-03-02 22:42:50 [NoName         ]              world.cpp:1360   DBG| Map Load took 0.093939
2026-03-02 22:42:50 [NoName         ]              world.cpp:1431   DBG| Calling PostLoad
2026-03-02 22:42:50 [NoName         ]              world.cpp:1433   DBG| Finished PostLaod
2026-03-02 22:42:50 [NoName         ]              world.cpp:1435   DBG| Finished Asset Loading 
2026-03-02 22:42:50 [NoName         ]              world.cpp:1440   DBG| end of postLoadTask
2026-03-02 22:42:50 [RenderThread   ]     rendercommands.cpp:625   INFO| Resetting RenderMesh Caches. ResetRequest: 1, BufferMaxLoad: 0.15
2026-03-02 22:42:56 [RenderThread   ]     rendercommands.cpp:625   INFO| Resetting RenderMesh Caches. ResetRequest: 0, BufferMaxLoad: 0.76
2026-03-02 22:42:56 [RenderThread   ]     rendercommands.cpp:625   INFO| Resetting RenderMesh Caches. ResetRequest: 0, BufferMaxLoad: 0.75
2026-03-02 22:42:56 [RenderThread   ]     rendercommands.cpp:625   INFO| Resetting RenderMesh Caches. ResetRequest: 0, BufferMaxLoad: 0.76
2026-03-02 22:42:57 [RenderThread   ]     rendercommands.cpp:625   INFO| Resetting RenderMesh Caches. ResetRequest: 0, BufferMaxLoad: 0.75
2026-03-02 22:42:57 [RenderThread   ]     rendercommands.cpp:625   INFO| Resetting RenderMesh Caches. ResetRequest: 0, BufferMaxLoad: 0.75
2026-03-02 22:43:09 [RenderThread   ]     rendercommands.cpp:625   INFO| Resetting RenderMesh Caches. ResetRequest: 0, BufferMaxLoad: 0.75
2026-03-02 22:43:13 [NoName         ]     binarysavedata.cpp:17    INFO| Writing 9 bytes
2026-03-02 22:43:18 [RenderThread   ]     rendercommands.cpp:625   INFO| Resetting RenderMesh Caches. ResetRequest: 0, BufferMaxLoad: 0.75
2026-03-02 22:43:36 [RenderThread   ]     rendercommands.cpp:625   INFO| Resetting RenderMesh Caches. ResetRequest: 0, BufferMaxLoad: 0.75
2026-03-02 22:43:49 [RenderThread   ]     rendercommands.cpp:625   INFO| Resetting RenderMesh Caches. ResetRequest: 0, BufferMaxLoad: 0.75
2026-03-02 22:44:01 [RenderThread   ]     rendercommands.cpp:625   INFO| Resetting RenderMesh Caches. ResetRequest: 0, BufferMaxLoad: 0.75
2026-03-02 22:44:02 [RenderThread   ]     rendercommands.cpp:625   INFO| Resetting RenderMesh Caches. ResetRequest: 0, BufferMaxLoad: 0.75
2026-03-02 22:44:03 [RenderThread   ]     rendercommands.cpp:625   INFO| Resetting RenderMesh Caches. ResetRequest: 0, BufferMaxLoad: 0.75
2026-03-02 22:44:03 [RenderThread   ]     rendercommands.cpp:625   INFO| Resetting RenderMesh Caches. ResetRequest: 0, BufferMaxLoad: 0.75
2026-03-02 22:44:03 [RenderThread   ]     rendercommands.cpp:625   INFO| Resetting RenderMesh Caches. ResetRequest: 0, BufferMaxLoad: 0.75
2026-03-02 22:44:08 [MainThread     ]   gameassetmanager.cpp:436   INFO| Start reading manifest AthenaUpgrade
2026-03-02 22:44:08 [MainThread     ]   gameassetmanager.cpp:489   INFO| Done reading manifest AthenaUpgrade
2026-03-02 22:44:08 [GameAssetManagerLoadThread]   gameassetmanager.cpp:515   INFO| Loading package: AthenaUpgrade.pkg
2026-03-02 22:44:08 [RenderThread   ]     rendercommands.cpp:625   INFO| Resetting RenderMesh Caches. ResetRequest: 0, BufferMaxLoad: 0.75
2026-03-02 22:44:08 [GameAssetManagerLoadThread]   gameassetmanager.cpp:545   INFO| Package Loaded: AthenaUpgrade
2026-03-02 22:44:20 [RenderThread   ]     rendercommands.cpp:625   INFO| Resetting RenderMesh Caches. ResetRequest: 0, BufferMaxLoad: 0.75
2026-03-02 22:44:21 [MainThread     ]    progressmanager.cpp:936   INFO| Lua::Save() : 0.014896 s
2026-03-02 22:44:21 [MainThread     ]    progressmanager.cpp:916   INFO| GatherSaveData : 0.017911 s
2026-03-02 22:44:21 [NoName         ]     binarysavedata.cpp:17    INFO| Writing 9 bytes
2026-03-02 22:44:21 [NoName         ]     binarysavedata.cpp:17    INFO| Writing 609476 bytes
2026-03-02 22:44:25 [NoName         ]     binarysavedata.cpp:17    INFO| Writing 9 bytes
2026-03-02 22:44:25 [MainThread     ]              world.cpp:1526  INFO| World::Begin() B_Wrapping01 -> B_Combat07
2026-03-02 22:44:25 [MainThread     ]    progressmanager.cpp:936   INFO| Lua::Save() : 0.015592 s
2026-03-02 22:44:25 [MainThread     ]    progressmanager.cpp:916   INFO| GatherSaveData : 0.018585 s
2026-03-02 22:44:25 [MainThread     ]       audiomanager.cpp:1057   DBG| Skipped unloading map banks
2026-03-02 22:44:25 [NoName         ]     binarysavedata.cpp:17    INFO| Writing 612123 bytes
2026-03-02 22:44:26 [NoName         ]              world.cpp:1329  INFO| Loading next map: B_Combat07
2026-03-02 22:44:26 [NoName         ]              world.cpp:1370  INFO| PreScriptLoad
2026-03-02 22:44:26 [NoName         ]              world.cpp:1382  INFO| PreScriptLoad Done
2026-03-02 22:44:26 [NoName         ]              world.cpp:1398   DBG| load packages took 0.000010
2026-03-02 22:44:26 [NoName         ]              world.cpp:1420   DBG| loadScriptsTask Done 
2026-03-02 22:44:26 [NoName         ]              world.cpp:1424   DBG| Finished Asset Loading 
2026-03-02 22:44:26 [NoName         ]     binaryloaddata.cpp:12    INFO| Reading 404656 bytes
2026-03-02 22:44:26 [NoName         ]       audiomanager.cpp:1022   DBG| Loading map banks for: B_Combat07
2026-03-02 22:44:26 [NoName         ]       audiomanager.cpp:775    DBG| Loading bank: Asphodel.bank
2026-03-02 22:44:26 [NoName         ]       audiomanager.cpp:832    DBG| Already loaded :Asphodel.bank
2026-03-02 22:44:26 [NoName         ]              world.cpp:1360   DBG| Map Load took 0.075854
2026-03-02 22:44:26 [NoName         ]              world.cpp:1431   DBG| Calling PostLoad
2026-03-02 22:44:26 [NoName         ]              world.cpp:1433   DBG| Finished PostLaod
2026-03-02 22:44:26 [NoName         ]              world.cpp:1435   DBG| Finished Asset Loading 
2026-03-02 22:44:26 [NoName         ]              world.cpp:1440   DBG| end of postLoadTask
2026-03-02 22:44:26 [RenderThread   ]     rendercommands.cpp:625   INFO| Resetting RenderMesh Caches. ResetRequest: 1, BufferMaxLoad: 0.51
2026-03-02 22:44:29 [RenderThread   ]     rendercommands.cpp:625   INFO| Resetting RenderMesh Caches. ResetRequest: 0, BufferMaxLoad: 0.75
2026-03-02 22:45:07 [NoName         ]     binarysavedata.cpp:17    INFO| Writing 9 bytes
2026-03-02 22:45:10 [RenderThread   ]     rendercommands.cpp:625   INFO| Resetting RenderMesh Caches. ResetRequest: 0, BufferMaxLoad: 0.75
2026-03-02 22:45:32 [RenderThread   ]     rendercommands.cpp:625   INFO| Resetting RenderMesh Caches. ResetRequest: 0, BufferMaxLoad: 0.75
2026-03-02 22:45:33 [RenderThread   ]     rendercommands.cpp:625   INFO| Resetting RenderMesh Caches. ResetRequest: 0, BufferMaxLoad: 0.75
2026-03-02 22:45:34 [MainThread     ]    progressmanager.cpp:936   INFO| Lua::Save() : 0.014482 s
2026-03-02 22:45:34 [MainThread     ]    progressmanager.cpp:916   INFO| GatherSaveData : 0.017451 s
2026-03-02 22:45:34 [NoName         ]     binarysavedata.cpp:17    INFO| Writing 614732 bytes
2026-03-02 22:45:34 [NoName         ]     binarysavedata.cpp:17    INFO| Writing 9 bytes
2026-03-02 22:45:36 [MainThread     ]  windowsfilesystem.cpp:209    ERR| Error opening file: Z:\home\aechewhy\Games\Hades\Content\Game\PauseScreen.sjson -- rb (error: No such file or directory)
2026-03-02 22:45:36 [MainThread     ]              world.cpp:1593  INFO| World::Stop()
2026-03-02 22:45:42 [NoName         ]     binarysavedata.cpp:17    INFO| Writing 9 bytes
2026-03-02 22:45:42 [MainThread     ]              world.cpp:1526  INFO| World::Begin() B_Combat07 -> B_Combat03
2026-03-02 22:45:42 [MainThread     ]    progressmanager.cpp:936   INFO| Lua::Save() : 0.015412 s
2026-03-02 22:45:42 [MainThread     ]    progressmanager.cpp:916   INFO| GatherSaveData : 0.018432 s
2026-03-02 22:45:42 [MainThread     ]       audiomanager.cpp:1057   DBG| Skipped unloading map banks
2026-03-02 22:45:42 [NoName         ]     binarysavedata.cpp:17    INFO| Writing 607720 bytes
2026-03-02 22:45:42 [NoName         ]              world.cpp:1329  INFO| Loading next map: B_Combat03
2026-03-02 22:45:42 [NoName         ]              world.cpp:1370  INFO| PreScriptLoad
2026-03-02 22:45:42 [NoName         ]              world.cpp:1382  INFO| PreScriptLoad Done
2026-03-02 22:45:42 [NoName         ]              world.cpp:1398   DBG| load packages took 0.000006
2026-03-02 22:45:42 [NoName         ]              world.cpp:1420   DBG| loadScriptsTask Done 
2026-03-02 22:45:42 [NoName         ]              world.cpp:1424   DBG| Finished Asset Loading 
2026-03-02 22:45:42 [NoName         ]     binaryloaddata.cpp:12    INFO| Reading 413802 bytes
2026-03-02 22:45:42 [NoName         ]       audiomanager.cpp:1022   DBG| Loading map banks for: B_Combat03
2026-03-02 22:45:42 [NoName         ]       audiomanager.cpp:775    DBG| Loading bank: Asphodel.bank
2026-03-02 22:45:42 [NoName         ]       audiomanager.cpp:832    DBG| Already loaded :Asphodel.bank
2026-03-02 22:45:42 [NoName         ]              world.cpp:1360   DBG| Map Load took 0.090719
2026-03-02 22:45:42 [NoName         ]              world.cpp:1431   DBG| Calling PostLoad
2026-03-02 22:45:42 [NoName         ]              world.cpp:1433   DBG| Finished PostLaod
2026-03-02 22:45:42 [NoName         ]              world.cpp:1435   DBG| Finished Asset Loading 
2026-03-02 22:45:42 [NoName         ]              world.cpp:1440   DBG| end of postLoadTask
2026-03-02 22:45:42 [RenderThread   ]     rendercommands.cpp:625   INFO| Resetting RenderMesh Caches. ResetRequest: 1, BufferMaxLoad: 0.53
2026-03-02 22:45:45 [RenderThread   ]     rendercommands.cpp:625   INFO| Resetting RenderMesh Caches. ResetRequest: 0, BufferMaxLoad: 0.75
2026-03-02 22:45:57 [NoName         ]     binarysavedata.cpp:17    INFO| Writing 9 bytes
2026-03-02 22:46:15 [RenderThread   ]     rendercommands.cpp:625   INFO| Resetting RenderMesh Caches. ResetRequest: 0, BufferMaxLoad: 0.75
2026-03-02 22:46:25 [RenderThread   ]     rendercommands.cpp:625   INFO| Resetting RenderMesh Caches. ResetRequest: 0, BufferMaxLoad: 0.75
2026-03-02 22:46:31 [MainThread     ]    progressmanager.cpp:936   INFO| Lua::Save() : 0.014526 s
2026-03-02 22:46:31 [MainThread     ]    progressmanager.cpp:916   INFO| GatherSaveData : 0.017555 s
2026-03-02 22:46:31 [NoName         ]     binarysavedata.cpp:17    INFO| Writing 611757 bytes
2026-03-02 22:46:31 [NoName         ]     binarysavedata.cpp:17    INFO| Writing 9 bytes
2026-03-02 22:46:34 [RenderThread   ]     rendercommands.cpp:625   INFO| Resetting RenderMesh Caches. ResetRequest: 0, BufferMaxLoad: 0.75
2026-03-02 22:46:38 [NoName         ]     binarysavedata.cpp:17    INFO| Writing 9 bytes
2026-03-02 22:46:38 [MainThread     ]              world.cpp:1526  INFO| World::Begin() B_Combat03 -> B_PreBoss01
2026-03-02 22:46:38 [MainThread     ]    progressmanager.cpp:936   INFO| Lua::Save() : 0.014765 s
2026-03-02 22:46:38 [MainThread     ]    progressmanager.cpp:916   INFO| GatherSaveData : 0.017748 s
2026-03-02 22:46:38 [MainThread     ]       audiomanager.cpp:1057   DBG| Skipped unloading map banks
2026-03-02 22:46:38 [NoName         ]     binarysavedata.cpp:17    INFO| Writing 610762 bytes
2026-03-02 22:46:38 [NoName         ]              world.cpp:1329  INFO| Loading next map: B_PreBoss01
2026-03-02 22:46:38 [NoName         ]              world.cpp:1370  INFO| PreScriptLoad
2026-03-02 22:46:38 [NoName         ]              world.cpp:1382  INFO| PreScriptLoad Done
2026-03-02 22:46:38 [NoName         ]              world.cpp:1398   DBG| load packages took 0.000009
2026-03-02 22:46:38 [NoName         ]              world.cpp:1420   DBG| loadScriptsTask Done 
2026-03-02 22:46:38 [NoName         ]              world.cpp:1424   DBG| Finished Asset Loading 
2026-03-02 22:46:38 [NoName         ]     binaryloaddata.cpp:12    INFO| Reading 245917 bytes
2026-03-02 22:46:38 [NoName         ]       audiomanager.cpp:1022   DBG| Loading map banks for: B_PreBoss01
2026-03-02 22:46:38 [NoName         ]       audiomanager.cpp:775    DBG| Loading bank: Asphodel.bank
2026-03-02 22:46:38 [NoName         ]       audiomanager.cpp:832    DBG| Already loaded :Asphodel.bank
2026-03-02 22:46:38 [NoName         ]              world.cpp:1360   DBG| Map Load took 0.079440
2026-03-02 22:46:38 [NoName         ]              world.cpp:1431   DBG| Calling PostLoad
2026-03-02 22:46:38 [NoName         ]              world.cpp:1433   DBG| Finished PostLaod
2026-03-02 22:46:38 [NoName         ]              world.cpp:1435   DBG| Finished Asset Loading 
2026-03-02 22:46:38 [NoName         ]              world.cpp:1440   DBG| end of postLoadTask
2026-03-02 22:46:38 [RenderThread   ]     rendercommands.cpp:625   INFO| Resetting RenderMesh Caches. ResetRequest: 1, BufferMaxLoad: 0.37
2026-03-02 22:46:41 [RenderThread   ]     rendercommands.cpp:625   INFO| Resetting RenderMesh Caches. ResetRequest: 0, BufferMaxLoad: 0.75
2026-03-02 22:46:44 [NoName         ]     binarysavedata.cpp:17    INFO| Writing 9 bytes
2026-03-02 22:47:01 [NoName         ]     binarysavedata.cpp:17    INFO| Writing 9 bytes
2026-03-02 22:47:01 [MainThread     ]              world.cpp:1526  INFO| World::Begin() B_PreBoss01 -> B_Boss02
2026-03-02 22:47:01 [MainThread     ]    progressmanager.cpp:936   INFO| Lua::Save() : 0.015461 s
2026-03-02 22:47:01 [MainThread     ]    progressmanager.cpp:916   INFO| GatherSaveData : 0.018479 s
2026-03-02 22:47:01 [MainThread     ]       audiomanager.cpp:1057   DBG| Skipped unloading map banks
2026-03-02 22:47:01 [NoName         ]     binarysavedata.cpp:17    INFO| Writing 613757 bytes
2026-03-02 22:47:01 [NoName         ]              world.cpp:1370  INFO| PreScriptLoad
2026-03-02 22:47:01 [NoName         ]              world.cpp:1329  INFO| Loading next map: B_Boss02
2026-03-02 22:47:01 [NoName         ]              world.cpp:1382  INFO| PreScriptLoad Done
2026-03-02 22:47:01 [NoName         ]              world.cpp:1398   DBG| load packages took 0.000005
2026-03-02 22:47:01 [NoName         ]              world.cpp:1420   DBG| loadScriptsTask Done 
2026-03-02 22:47:01 [NoName         ]              world.cpp:1424   DBG| Finished Asset Loading 
2026-03-02 22:47:01 [NoName         ]     binaryloaddata.cpp:12    INFO| Reading 204134 bytes
2026-03-02 22:47:01 [NoName         ]       audiomanager.cpp:1022   DBG| Loading map banks for: B_Boss02
2026-03-02 22:47:01 [NoName         ]       audiomanager.cpp:775    DBG| Loading bank: Asphodel.bank
2026-03-02 22:47:01 [NoName         ]       audiomanager.cpp:832    DBG| Already loaded :Asphodel.bank
2026-03-02 22:47:01 [NoName         ]              world.cpp:1360   DBG| Map Load took 0.074466
2026-03-02 22:47:01 [NoName         ]              world.cpp:1431   DBG| Calling PostLoad
2026-03-02 22:47:01 [NoName         ]              world.cpp:1433   DBG| Finished PostLaod
2026-03-02 22:47:01 [NoName         ]              world.cpp:1435   DBG| Finished Asset Loading 
2026-03-02 22:47:01 [NoName         ]              world.cpp:1440   DBG| end of postLoadTask
2026-03-02 22:47:02 [RenderThread   ]     rendercommands.cpp:625   INFO| Resetting RenderMesh Caches. ResetRequest: 1, BufferMaxLoad: 0.67
2026-03-02 22:47:11 [RenderThread   ]     rendercommands.cpp:625   INFO| Resetting RenderMesh Caches. ResetRequest: 0, BufferMaxLoad: 0.75
2026-03-02 22:47:26 [NoName         ]     binarysavedata.cpp:17    INFO| Writing 9 bytes
2026-03-02 22:47:39 [RenderThread   ]     rendercommands.cpp:625   INFO| Resetting RenderMesh Caches. ResetRequest: 0, BufferMaxLoad: 0.75
2026-03-02 22:48:17 [RenderThread   ]     rendercommands.cpp:625   INFO| Resetting RenderMesh Caches. ResetRequest: 0, BufferMaxLoad: 0.75
2026-03-02 22:48:31 [RenderThread   ]     rendercommands.cpp:625   INFO| Resetting RenderMesh Caches. ResetRequest: 0, BufferMaxLoad: 0.75
2026-03-02 22:49:15 [MainThread     ]  windowsfilesystem.cpp:209    ERR| Error opening file: Z:\home\aechewhy\Games\Hades\Content\Game\PauseScreen.sjson -- rb (error: No such file or directory)
2026-03-02 22:49:15 [MainThread     ]              world.cpp:1593  INFO| World::Stop()
2026-03-02 22:49:16 [MainThread     ]  windowsfilesystem.cpp:209    ERR| Error opening file: Z:\home\aechewhy\Games\Hades\Content\Game\ExitConfirmDialog.sjson -- rb (error: No such file or directory)
2026-03-02 22:49:17 [MainThread     ]     profilemanager.cpp:126   INFO| saveProfile()
2026-03-02 22:49:17 [MainThread     ]       audiomanager.cpp:158    DBG| AudioManager.reset
2026-03-02 22:49:17 [NoName         ]     profilemanager.cpp:90    INFO| beginning profile write
2026-03-02 22:49:17 [MainThread     ]       audiomanager.cpp:3420   DBG| AudioManager.reset, excludeId = -1, fullWipe = true
2026-03-02 22:49:17 [NoName         ]     binarysavedata.cpp:17    INFO| Writing 9 bytes
2026-03-02 22:49:17 [NoName         ]     profilemanager.cpp:110   INFO| profile write done
2026-03-02 22:49:17 [MainThread     ]  windowsfilesystem.cpp:209    ERR| Error opening file: Z:\home\aechewhy\Games\Hades\Content\Game\MainMenuScreen.sjson -- rb (error: No such file or directory)
2026-03-02 22:49:19 [MainThread     ]  windowsfilesystem.cpp:209    ERR| Error opening file: Z:\home\aechewhy\Games\Hades\Content\Game\CloudSyncDialog.sjson -- rb (error: No such file or directory)
2026-03-02 22:49:19 [NoName         ]         platformfile.h:191    DBG| WindowsFile::DirectoryGetFiles(  C:\users\steamuser\Documents\Saved Games\Hades  ,  , *.sav  )
2026-03-02 22:49:19 [NoName         ]    progressmanager.cpp:843   INFO| ProgressManager.load Profile1.sav IPlatformSaveDevice
2026-03-02 22:49:19 [NoName         ]       pcsavedevice.cpp:249   INFO| Opening save file for reading: Profile1.sav
2026-03-02 22:49:19 [NoName         ]     binaryloaddata.cpp:12    INFO| Reading 550250 bytes
2026-03-02 22:49:19 [NoName         ]    progressmanager.cpp:882   INFO| Load succeeded
2026-03-02 22:49:19 [NoName         ]    progressmanager.cpp:843   INFO| ProgressManager.load Profile1.v.sav IPlatformSaveDevice
2026-03-02 22:49:19 [NoName         ]       pcsavedevice.cpp:249   INFO| Opening save file for reading: Profile1.v.sav
2026-03-02 22:49:19 [NoName         ]     binaryloaddata.cpp:12    INFO| Reading 9 bytes
2026-03-02 22:49:19 [NoName         ]    progressmanager.cpp:882   INFO| Load succeeded
2026-03-02 22:49:19 [NoName         ]    progressmanager.cpp:843   INFO| ProgressManager.load Profile1_Temp.sav IPlatformSaveDevice
2026-03-02 22:49:19 [NoName         ]       pcsavedevice.cpp:249   INFO| Opening save file for reading: Profile1_Temp.sav
2026-03-02 22:49:19 [NoName         ]     binaryloaddata.cpp:12    INFO| Reading 613757 bytes
2026-03-02 22:49:19 [NoName         ]    progressmanager.cpp:882   INFO| Load succeeded
2026-03-02 22:49:19 [NoName         ]    progressmanager.cpp:843   INFO| ProgressManager.load Profile2.sav IPlatformSaveDevice
2026-03-02 22:49:19 [NoName         ]       pcsavedevice.cpp:249   INFO| Opening save file for reading: Profile2.sav
2026-03-02 22:49:19 [NoName         ]     binaryloaddata.cpp:12    INFO| Reading 18025 bytes
2026-03-02 22:49:19 [NoName         ]    progressmanager.cpp:882   INFO| Load succeeded
2026-03-02 22:49:19 [NoName         ]    progressmanager.cpp:843   INFO| ProgressManager.load Profile2_Temp.sav IPlatformSaveDevice
2026-03-02 22:49:19 [NoName         ]       pcsavedevice.cpp:249   INFO| Opening save file for reading: Profile2_Temp.sav
2026-03-02 22:49:19 [NoName         ]     binaryloaddata.cpp:12    INFO| Reading 19920 bytes
2026-03-02 22:49:19 [NoName         ]    progressmanager.cpp:882   INFO| Load succeeded
2026-03-02 22:49:19 [NoName         ]    progressmanager.cpp:843   INFO| ProgressManager.load Profile3.sav IPlatformSaveDevice
2026-03-02 22:49:19 [NoName         ]       pcsavedevice.cpp:249   INFO| Opening save file for reading: Profile3.sav
2026-03-02 22:49:19 [NoName         ]     binaryloaddata.cpp:12    INFO| Reading 596112 bytes
2026-03-02 22:49:19 [NoName         ]    progressmanager.cpp:882   INFO| Load succeeded
2026-03-02 22:49:19 [MainThread     ] remoteprofilescreen.cpp:603    DBG| ActiveProfile = Profile1
2026-03-02 22:49:19 [MainThread     ] remoteprofilescreen.cpp:617    DBG| Profile1 == Profile1, ActiveProfile Index = 0
2026-03-02 22:49:19 [MainThread     ]  windowsfilesystem.cpp:209    ERR| Error opening file: Z:\home\aechewhy\Games\Hades\Content\Game\RemoteProfileScreen.sjson -- rb (error: No such file or directory)
2026-03-02 22:49:19 [MainThread     ] remoteprofilescreen.cpp:686    DBG| Finishing Creating Components For RemoteProfileScreen
2026-03-02 22:49:19 [NoName         ] remoteprofilescreen.cpp:61     DBG| SetupProfiles
2026-03-02 22:49:19 [NoName         ]         platformfile.h:191    DBG| WindowsFile::DirectoryGetFiles(  C:\users\steamuser\Documents\Saved Games\Hades  ,  , *.sjson  )
2026-03-02 22:49:19 [NoName         ] remoteprofilescreen.cpp:66     DBG| Total saves :6
2026-03-02 22:49:19 [NoName         ]    progressmanager.cpp:190    DBG| Getting Preferred Save
2026-03-02 22:49:19 [NoName         ]    progressmanager.cpp:198    DBG| MainSaveInfo
2026-03-02 22:49:19 [NoName         ]    progressmanager.cpp:205    DBG| tempSaveInfo
2026-03-02 22:49:19 [NoName         ]    progressmanager.cpp:212    DBG| mainSaveIndex >
2026-03-02 22:49:19 [NoName         ]    progressmanager.cpp:218    DBG| tempSaveIndex >
2026-03-02 22:49:19 [NoName         ]    progressmanager.cpp:238    DBG| mainSaveIndex >= 0
2026-03-02 22:49:19 [NoName         ] remoteprofilescreen.cpp:75     DBG| localSaveFileName  :Profile1.sav
2026-03-02 22:49:19 [NoName         ] remoteprofilescreen.cpp:78     DBG| !saveFileName.empty()
2026-03-02 22:49:19 [NoName         ] remoteprofilescreen.cpp:82     DBG| mProfileButtons[0]->mDataValue: Profile1
2026-03-02 22:49:19 [NoName         ]    progressmanager.cpp:190    DBG| Getting Preferred Save
2026-03-02 22:49:19 [NoName         ]    progressmanager.cpp:198    DBG| MainSaveInfo
2026-03-02 22:49:19 [NoName         ]    progressmanager.cpp:205    DBG| tempSaveInfo
2026-03-02 22:49:19 [NoName         ]    progressmanager.cpp:212    DBG| mainSaveIndex >
2026-03-02 22:49:19 [NoName         ] remoteprofilescreen.cpp:75     DBG| localSaveFileName  :Profile2.sav
2026-03-02 22:49:19 [NoName         ] remoteprofilescreen.cpp:78     DBG| !saveFileName.empty()
2026-03-02 22:49:19 [NoName         ] remoteprofilescreen.cpp:82     DBG| mProfileButtons[1]->mDataValue: Profile2
2026-03-02 22:49:19 [NoName         ]    progressmanager.cpp:190    DBG| Getting Preferred Save
2026-03-02 22:49:19 [NoName         ]    progressmanager.cpp:198    DBG| MainSaveInfo
2026-03-02 22:49:19 [NoName         ]    progressmanager.cpp:205    DBG| tempSaveInfo
2026-03-02 22:49:19 [NoName         ]    progressmanager.cpp:212    DBG| mainSaveIndex >
2026-03-02 22:49:19 [NoName         ] remoteprofilescreen.cpp:75     DBG| localSaveFileName  :Profile3.sav
2026-03-02 22:49:19 [NoName         ] remoteprofilescreen.cpp:78     DBG| !saveFileName.empty()
2026-03-02 22:49:19 [NoName         ] remoteprofilescreen.cpp:82     DBG| mProfileButtons[2]->mDataValue: Profile3
2026-03-02 22:49:19 [NoName         ]    progressmanager.cpp:190    DBG| Getting Preferred Save
2026-03-02 22:49:19 [NoName         ]    progressmanager.cpp:198    DBG| MainSaveInfo
2026-03-02 22:49:19 [NoName         ]    progressmanager.cpp:205    DBG| tempSaveInfo
2026-03-02 22:49:19 [NoName         ]    progressmanager.cpp:212    DBG| mainSaveIndex >
2026-03-02 22:49:19 [NoName         ]    progressmanager.cpp:218    DBG| tempSaveIndex >
2026-03-02 22:49:19 [NoName         ]    progressmanager.cpp:238    DBG| mainSaveIndex >= 0
2026-03-02 22:49:19 [NoName         ] remoteprofilescreen.cpp:75     DBG| localSaveFileName  :
2026-03-02 22:49:20 [MainThread     ] remoteprofilescreen.cpp:778    DBG| Enter Profile Button
2026-03-02 22:49:21 [MainThread     ] remoteprofilescreen.cpp:486    DBG| Enter StartOrContinueGame
2026-03-02 22:49:21 [MainThread     ] remoteprofilescreen.cpp:506    DBG| loading CheckPoint
2026-03-02 22:49:21 [MainThread     ]    progressmanager.cpp:1243  INFO| ProgressManager.load Profile1.sav IPlatformSaveDevice
2026-03-02 22:49:21 [NoName         ]       pcsavedevice.cpp:249   INFO| Opening save file for reading: Profile1.sav
2026-03-02 22:49:21 [NoName         ]     binaryloaddata.cpp:12    INFO| Reading 550250 bytes
2026-03-02 22:49:21 [MainThread     ]    progressmanager.cpp:1305  INFO| Load succeeded
2026-03-02 22:49:21 [MainThread     ]                app.cpp:1488   DBG| App.Reset Start
2026-03-02 22:49:21 [MainThread     ]             luaext.cpp:453   INFO| Lua interface destroyed
2026-03-02 22:49:21 [MainThread     ]       audiomanager.cpp:158    DBG| AudioManager.reset
2026-03-02 22:49:21 [MainThread     ]       audiomanager.cpp:3420   DBG| AudioManager.reset, excludeId = -1, fullWipe = true
2026-03-02 22:49:21 [MainThread     ]     profilemanager.cpp:40    INFO| Loading default profile C:\users\steamuser\Documents\Saved Games\Hades Profile1
2026-03-02 22:49:21 [MainThread     ]     profilemanager.cpp:187   INFO| ProfileManager::Load(): Profile1.sjson 
2026-03-02 22:49:21 [MainThread     ]       pcsavedevice.cpp:249   INFO| Opening save file for reading: Profile1.sjson
2026-03-02 22:49:21 [MainThread     ]      configoptions.cpp:1567  INFO| ConfigOption: WindowHeight = 1080
2026-03-02 22:49:21 [MainThread     ]      configoptions.cpp:1560  INFO| ConfigOption: UseMouse = true
2026-03-02 22:49:21 [MainThread     ]      configoptions.cpp:1567  INFO| ConfigOption: NewUpdateSoundRevisionViewed = 38290
2026-03-02 22:49:21 [MainThread     ]      configoptions.cpp:1567  INFO| ConfigOption: BackupSaveCount = 7
2026-03-02 22:49:21 [MainThread     ]      configoptions.cpp:1567  INFO| ConfigOption: LastRoadmapRevisionViewed = 38290
2026-03-02 22:49:21 [MainThread     ]      configoptions.cpp:1567  INFO| ConfigOption: SwapInterval = 0
2026-03-02 22:49:21 [MainThread     ]      configoptions.cpp:1567  INFO| ConfigOption: DisplayIndex = 0
2026-03-02 22:49:21 [MainThread     ]      configoptions.cpp:1560  INFO| ConfigOption: ShowGameplayTimer = true
2026-03-02 22:49:21 [MainThread     ]      configoptions.cpp:1560  INFO| ConfigOption: ValidCheckpoint = false
2026-03-02 22:49:21 [MainThread     ]      configoptions.cpp:1567  INFO| ConfigOption: LastPatchNoteRevisionViewed = 38290
2026-03-02 22:49:21 [MainThread     ]      configoptions.cpp:1567  INFO| ConfigOption: ScreenshotCount = 1
2026-03-02 22:49:21 [MainThread     ]      configoptions.cpp:1567  INFO| ConfigOption: ControlsResetRevisionViewed = 38290
2026-03-02 22:49:21 [MainThread     ]      configoptions.cpp:1567  INFO| ConfigOption: Y = 1080
2026-03-02 22:49:21 [MainThread     ]      configoptions.cpp:1567  INFO| ConfigOption: X = 1920
2026-03-02 22:49:21 [MainThread     ]      configoptions.cpp:1560  INFO| ConfigOption: DefaultControlsChosen = true
2026-03-02 22:49:21 [MainThread     ]      configoptions.cpp:1567  INFO| ConfigOption: WindowWidth = 1920
2026-03-02 22:49:21 [MainThread     ]      configoptions.cpp:1560  INFO| ConfigOption: UseAltCursor = true
2026-03-02 22:49:21 [MainThread     ]     profilemanager.cpp:216   INFO| Load profile successful
2026-03-02 22:49:21 [MainThread     ]  windowsfilesystem.cpp:209    ERR| Error opening file: C:\users\steamuser\Documents\Saved Games\Hades\ARCHLINUX.sjson -- rb (error: No such file or directory)
2026-03-02 22:49:21 [MainThread     ]  windowsfilesystem.cpp:209    ERR| Error opening file: Z:\home\aechewhy\Games\Hades\Content\ConfigOptions\ARCHLINUX.sjson -- rb (error: No such file or directory)
2026-03-02 22:49:21 [MainThread     ]      configoptions.cpp:1588  INFO| ConfigOption: NextUpdateDate = NextUpdateCountdownCustom
2026-03-02 22:49:21 [MainThread     ]      configoptions.cpp:1588  INFO| ConfigOption: LastUpdateDate = 07-03-2020
2026-03-02 22:49:21 [MainThread     ]      configoptions.cpp:1588  INFO| ConfigOption: UpdateWarningDate = 11-01-2020
2026-03-02 22:49:21 [MainThread     ]      configoptions.cpp:1588  INFO| ConfigOption: SaveCollectionBeginDate = 10-05-2020
2026-03-02 22:49:21 [MainThread     ]      configoptions.cpp:1588  INFO| ConfigOption: SaveCollectionEndDate = 10-09-2020
2026-03-02 22:49:21 [MainThread     ]     binarysavedata.cpp:17    INFO| Writing 16 bytes
2026-03-02 22:49:21 [MainThread     ]                app.cpp:1539   DBG| App.Reset Finished
2026-03-02 22:49:21 [MainThread     ]              world.cpp:1526  INFO| World::Begin() B_Boss02 -> RoomPreRun
2026-03-02 22:49:21 [MainThread     ]       audiomanager.cpp:1062   DBG| Unloading map banks
2026-03-02 22:49:21 [NoName         ]              world.cpp:1329  INFO| Loading next map: RoomPreRun
2026-03-02 22:49:21 [NoName         ]              world.cpp:1370  INFO| PreScriptLoad
2026-03-02 22:49:21 [NoName         ]     binaryloaddata.cpp:12    INFO| Reading 164312 bytes
2026-03-02 22:49:21 [NoName         ]       audiomanager.cpp:1022   DBG| Loading map banks for: RoomPreRun
2026-03-02 22:49:21 [NoName         ]       audiomanager.cpp:775    DBG| Loading bank: DeathArea.bank
2026-03-02 22:49:21 [NoName         ]    progressmanager.cpp:1160  INFO| ProgressManager::LoadLua 549686 -> 2451884 4.460517 : 0.011264 s
2026-03-02 22:49:21 [NoName         ]              world.cpp:1382  INFO| PreScriptLoad Done
2026-03-02 22:49:21 [NoName         ]   gameassetmanager.cpp:436   INFO| Start reading manifest DeathArea
2026-03-02 22:49:21 [NoName         ]   gameassetmanager.cpp:489   INFO| Done reading manifest DeathArea
2026-03-02 22:49:21 [NoName         ]              world.cpp:1398   DBG| load packages took 0.001913
2026-03-02 22:49:21 [NoName         ]              world.cpp:1420   DBG| loadScriptsTask Done 
2026-03-02 22:49:21 [GameAssetManagerLoadThread]   gameassetmanager.cpp:515   INFO| Loading package: DeathArea.pkg
2026-03-02 22:49:21 [NoName         ]              world.cpp:1360   DBG| Map Load took 0.035903
2026-03-02 22:49:21 [GameAssetManagerLoadThread]   gameassetmanager.cpp:545   INFO| Package Loaded: DeathArea
2026-03-02 22:49:21 [NoName         ]              world.cpp:1424   DBG| Finished Asset Loading 
2026-03-02 22:49:21 [NoName         ]              world.cpp:1431   DBG| Calling PostLoad
2026-03-02 22:49:21 [NoName         ]   gameassetmanager.cpp:436   INFO| Start reading manifest DionysusUpgrade
2026-03-02 22:49:21 [NoName         ]   gameassetmanager.cpp:489   INFO| Done reading manifest DionysusUpgrade
2026-03-02 22:49:21 [NoName         ]   gameassetmanager.cpp:436   INFO| Start reading manifest PoseidonUpgrade
2026-03-02 22:49:21 [NoName         ]   gameassetmanager.cpp:489   INFO| Done reading manifest PoseidonUpgrade
2026-03-02 22:49:21 [GameAssetManagerLoadThread]   gameassetmanager.cpp:515   INFO| Loading package: DionysusUpgrade.pkg
2026-03-02 22:49:21 [GameAssetManagerLoadThread]   gameassetmanager.cpp:545   INFO| Package Loaded: DionysusUpgrade
2026-03-02 22:49:21 [GameAssetManagerLoadThread]   gameassetmanager.cpp:515   INFO| Loading package: PoseidonUpgrade.pkg
2026-03-02 22:49:21 [GameAssetManagerLoadThread]   gameassetmanager.cpp:545   INFO| Package Loaded: PoseidonUpgrade
2026-03-02 22:49:21 [NoName         ]   gameassetmanager.cpp:436   INFO| Start reading manifest AphroditeUpgrade
2026-03-02 22:49:21 [NoName         ]   gameassetmanager.cpp:489   INFO| Done reading manifest AphroditeUpgrade
2026-03-02 22:49:21 [GameAssetManagerLoadThread]   gameassetmanager.cpp:515   INFO| Loading package: AphroditeUpgrade.pkg
2026-03-02 22:49:21 [GameAssetManagerLoadThread]   gameassetmanager.cpp:545   INFO| Package Loaded: AphroditeUpgrade
2026-03-02 22:49:21 [NoName         ]  windowsfilesystem.cpp:209    ERR| Error opening file: Z:\home\aechewhy\Games\Hades\Content\Win\Packages\TrialUpgrade.pkg_manifest -- rb (error: No such file or directory)
2026-03-02 22:49:21 [NoName         ]  windowsfilesystem.cpp:209    ERR| Error opening file: Z:\home\aechewhy\Games\Hades\Content\Win\Packages\TrialUpgrade.pkg_manifest -- rb (error: No such file or directory)
2026-03-02 22:49:21 [GameAssetManagerLoadThread]   gameassetmanager.cpp:515   INFO| Loading package: TrialUpgrade.pkg
2026-03-02 22:49:21 [GameAssetManagerLoadThread]  windowsfilesystem.cpp:209    ERR| Error opening file: Z:\home\aechewhy\Games\Hades\Content\Win\Packages\TrialUpgrade.pkg_manifest -- rb (error: No such file or directory)
2026-03-02 22:49:21 [GameAssetManagerLoadThread]  windowsfilesystem.cpp:209    ERR| Error opening file: Z:\home\aechewhy\Games\Hades\Content\Win\Packages\TrialUpgrade.pkg -- rb (error: No such file or directory)
2026-03-02 22:49:21 [GameAssetManagerLoadThread]   gameassetmanager.cpp:401    ERR| Package load failed TrialUpgrade.pkg
2026-03-02 22:49:21 [GameAssetManagerLoadThread]   gameassetmanager.cpp:545   INFO| Package Loaded: TrialUpgrade
2026-03-02 22:49:21 [NoName         ]   gameassetmanager.cpp:436   INFO| Start reading manifest ArtemisUpgrade
2026-03-02 22:49:21 [NoName         ]   gameassetmanager.cpp:489   INFO| Done reading manifest ArtemisUpgrade
2026-03-02 22:49:21 [GameAssetManagerLoadThread]   gameassetmanager.cpp:515   INFO| Loading package: ArtemisUpgrade.pkg
2026-03-02 22:49:21 [GameAssetManagerLoadThread]   gameassetmanager.cpp:545   INFO| Package Loaded: ArtemisUpgrade
2026-03-02 22:49:21 [NoName         ]   gameassetmanager.cpp:436   INFO| Start reading manifest Charts
2026-03-02 22:49:21 [NoName         ]   gameassetmanager.cpp:489   INFO| Done reading manifest Charts
2026-03-02 22:49:21 [GameAssetManagerLoadThread]   gameassetmanager.cpp:515   INFO| Loading package: Charts.pkg
2026-03-02 22:49:21 [GameAssetManagerLoadThread]   gameassetmanager.cpp:545   INFO| Package Loaded: Charts
2026-03-02 22:49:21 [NoName         ]              world.cpp:1433   DBG| Finished PostLaod
2026-03-02 22:49:21 [NoName         ]              world.cpp:1435   DBG| Finished Asset Loading 
2026-03-02 22:49:21 [NoName         ]              world.cpp:1440   DBG| end of postLoadTask
2026-03-02 22:49:22 [MainThread     ]   gameassetmanager.cpp:436   INFO| Start reading manifest ShieldThrow
2026-03-02 22:49:22 [MainThread     ]   gameassetmanager.cpp:489   INFO| Done reading manifest ShieldThrow
2026-03-02 22:49:22 [GameAssetManagerLoadThread]   gameassetmanager.cpp:515   INFO| Loading package: ShieldThrow.pkg
2026-03-02 22:49:22 [GameAssetManagerLoadThread]   gameassetmanager.cpp:545   INFO| Package Loaded: ShieldThrow
2026-03-02 22:49:22 [MainThread     ]   gameassetmanager.cpp:436   INFO| Start reading manifest ShieldWeapon
2026-03-02 22:49:22 [MainThread     ]   gameassetmanager.cpp:489   INFO| Done reading manifest ShieldWeapon
2026-03-02 22:49:22 [GameAssetManagerLoadThread]   gameassetmanager.cpp:515   INFO| Loading package: ShieldWeapon.pkg
2026-03-02 22:49:22 [GameAssetManagerLoadThread]   gameassetmanager.cpp:545   INFO| Package Loaded: ShieldWeapon
2026-03-02 22:49:22 [MainThread     ]   gameassetmanager.cpp:436   INFO| Start reading manifest SwordWeapon
2026-03-02 22:49:22 [MainThread     ]   gameassetmanager.cpp:489   INFO| Done reading manifest SwordWeapon
2026-03-02 22:49:22 [MainThread     ]   gameassetmanager.cpp:436   INFO| Start reading manifest SpearWeapon
2026-03-02 22:49:22 [MainThread     ]   gameassetmanager.cpp:489   INFO| Done reading manifest SpearWeapon
2026-03-02 22:49:22 [MainThread     ]   gameassetmanager.cpp:436   INFO| Start reading manifest BowWeapon
2026-03-02 22:49:22 [MainThread     ]   gameassetmanager.cpp:489   INFO| Done reading manifest BowWeapon
2026-03-02 22:49:22 [MainThread     ]  windowsfilesystem.cpp:209    ERR| Error opening file: Z:\home\aechewhy\Games\Hades\Content\Win\Packages\FistWeapon.pkg_manifest -- rb (error: No such file or directory)
2026-03-02 22:49:22 [MainThread     ]  windowsfilesystem.cpp:209    ERR| Error opening file: Z:\home\aechewhy\Games\Hades\Content\Win\Packages\GunWeapon.pkg_manifest -- rb (error: No such file or directory)
2026-03-02 22:49:22 [MainThread     ]  windowsfilesystem.cpp:209    ERR| Error opening file: Z:\home\aechewhy\Games\Hades\Content\Win\Packages\FistWeapon.pkg_manifest -- rb (error: No such file or directory)
2026-03-02 22:49:22 [GameAssetManagerLoadThread]   gameassetmanager.cpp:515   INFO| Loading package: SwordWeapon.pkg
2026-03-02 22:49:22 [GameAssetManagerLoadThread]   gameassetmanager.cpp:545   INFO| Package Loaded: SwordWeapon
2026-03-02 22:49:22 [GameAssetManagerLoadThread]   gameassetmanager.cpp:515   INFO| Loading package: SpearWeapon.pkg
2026-03-02 22:49:22 [GameAssetManagerLoadThread]   gameassetmanager.cpp:545   INFO| Package Loaded: SpearWeapon
2026-03-02 22:49:22 [MainThread     ]  windowsfilesystem.cpp:209    ERR| Error opening file: Z:\home\aechewhy\Games\Hades\Content\Win\Packages\GunWeapon.pkg_manifest -- rb (error: No such file or directory)
2026-03-02 22:49:22 [GameAssetManagerLoadThread]   gameassetmanager.cpp:515   INFO| Loading package: BowWeapon.pkg
2026-03-02 22:49:22 [GameAssetManagerLoadThread]   gameassetmanager.cpp:545   INFO| Package Loaded: BowWeapon
2026-03-02 22:49:22 [GameAssetManagerLoadThread]   gameassetmanager.cpp:515   INFO| Loading package: FistWeapon.pkg
2026-03-02 22:49:22 [GameAssetManagerLoadThread]  windowsfilesystem.cpp:209    ERR| Error opening file: Z:\home\aechewhy\Games\Hades\Content\Win\Packages\FistWeapon.pkg_manifest -- rb (error: No such file or directory)
2026-03-02 22:49:22 [GameAssetManagerLoadThread]  windowsfilesystem.cpp:209    ERR| Error opening file: Z:\home\aechewhy\Games\Hades\Content\Win\Packages\FistWeapon.pkg -- rb (error: No such file or directory)
2026-03-02 22:49:22 [GameAssetManagerLoadThread]   gameassetmanager.cpp:401    ERR| Package load failed FistWeapon.pkg
2026-03-02 22:49:22 [GameAssetManagerLoadThread]   gameassetmanager.cpp:545   INFO| Package Loaded: FistWeapon
2026-03-02 22:49:22 [GameAssetManagerLoadThread]   gameassetmanager.cpp:515   INFO| Loading package: GunWeapon.pkg
2026-03-02 22:49:22 [GameAssetManagerLoadThread]  windowsfilesystem.cpp:209    ERR| Error opening file: Z:\home\aechewhy\Games\Hades\Content\Win\Packages\GunWeapon.pkg_manifest -- rb (error: No such file or directory)
2026-03-02 22:49:22 [GameAssetManagerLoadThread]  windowsfilesystem.cpp:209    ERR| Error opening file: Z:\home\aechewhy\Games\Hades\Content\Win\Packages\GunWeapon.pkg -- rb (error: No such file or directory)
2026-03-02 22:49:22 [GameAssetManagerLoadThread]   gameassetmanager.cpp:401    ERR| Package load failed GunWeapon.pkg
2026-03-02 22:49:22 [GameAssetManagerLoadThread]   gameassetmanager.cpp:545   INFO| Package Loaded: GunWeapon
2026-03-02 22:49:22 [RenderThread   ]     rendercommands.cpp:625   INFO| Resetting RenderMesh Caches. ResetRequest: 1, BufferMaxLoad: 0.48
2026-03-02 22:49:25 [MainThread     ]  windowsfilesystem.cpp:209    ERR| Error opening file: Z:\home\aechewhy\Games\Hades\Content\Game\PauseScreen.sjson -- rb (error: No such file or directory)
2026-03-02 22:49:25 [MainThread     ]              world.cpp:1593  INFO| World::Stop()
2026-03-02 22:49:26 [MainThread     ]  windowsfilesystem.cpp:209    ERR| Error opening file: Z:\home\aechewhy\Games\Hades\Content\Game\KeyMappingScreen.sjson -- rb (error: No such file or directory)
2026-03-02 22:49:39 [MainThread     ]     binarysavedata.cpp:17    INFO| Writing 526 bytes
2026-03-02 22:49:39 [MainThread     ]     profilemanager.cpp:126   INFO| saveProfile()
2026-03-02 22:49:39 [NoName         ]     profilemanager.cpp:90    INFO| beginning profile write
2026-03-02 22:49:39 [NoName         ]     profilemanager.cpp:110   INFO| profile write done
2026-03-02 22:49:55 [RenderThread   ]     rendercommands.cpp:625   INFO| Resetting RenderMesh Caches. ResetRequest: 0, BufferMaxLoad: 0.75
2026-03-02 22:50:12 [RenderThread   ]     rendercommands.cpp:625   INFO| Resetting RenderMesh Caches. ResetRequest: 0, BufferMaxLoad: 0.75
2026-03-02 22:50:23 [RenderThread   ]     rendercommands.cpp:625   INFO| Resetting RenderMesh Caches. ResetRequest: 0, BufferMaxLoad: 0.75
2026-03-02 22:50:38 [RenderThread   ]     rendercommands.cpp:625   INFO| Resetting RenderMesh Caches. ResetRequest: 0, BufferMaxLoad: 0.75
2026-03-02 22:50:46 [RenderThread   ]     rendercommands.cpp:625   INFO| Resetting RenderMesh Caches. ResetRequest: 0, BufferMaxLoad: 0.75
2026-03-02 22:50:51 [MainThread     ]  windowsfilesystem.cpp:209    ERR| Error opening file: Z:\home\aechewhy\Games\Hades\Content\Game\PauseScreen.sjson -- rb (error: No such file or directory)
2026-03-02 22:50:51 [MainThread     ]              world.cpp:1593  INFO| World::Stop()
2026-03-02 22:50:52 [MainThread     ]  windowsfilesystem.cpp:209    ERR| Error opening file: Z:\home\aechewhy\Games\Hades\Content\Game\ExitConfirmDialog.sjson -- rb (error: No such file or directory)
2026-03-02 22:50:53 [MainThread     ]       audiomanager.cpp:158    DBG| AudioManager.reset
2026-03-02 22:50:53 [MainThread     ]       audiomanager.cpp:3420   DBG| AudioManager.reset, excludeId = -1, fullWipe = true
2026-03-02 22:50:53 [MainThread     ]     profilemanager.cpp:126   INFO| saveProfile()
2026-03-02 22:50:53 [NoName         ]     profilemanager.cpp:90    INFO| beginning profile write
2026-03-02 22:50:53 [NoName         ]     profilemanager.cpp:110   INFO| profile write done
2026-03-02 22:50:53 [MainThread     ]  windowsfilesystem.cpp:209    ERR| Error opening file: Z:\home\aechewhy\Games\Hades\Content\Game\MainMenuScreen.sjson -- rb (error: No such file or directory)
2026-03-02 22:50:55 [MainThread     ]     profilemanager.cpp:126   INFO| saveProfile()
2026-03-02 22:50:55 [NoName         ]     profilemanager.cpp:90    INFO| beginning profile write
2026-03-02 22:50:55 [MainThread     ]                app.cpp:255    DBG| Shutting down
2026-03-02 22:50:55 [MainThread     ]           ingameui.cpp:37    INFO| InGameUI Destroy
2026-03-02 22:50:55 [NoName         ]     profilemanager.cpp:110   INFO| profile write done
2026-03-02 22:50:55 [MainThread     ]             luaext.cpp:445   INFO| Lua interface destroyed
